model,accession,phage,metadata,host,taxonomic_level,host_reasoning,host_confidence,host_source,host_found,thermal_range,temperature,thermal_reasoning,thermal_confidence,thermal_source,thermal_found,inference_type,thermal_votes,thermal_reasoning_file,paper_dir,paper_dir_size,host_paper_dir,host_paper_dir_size,host_paper,thermal_paper,duration,decision,nodes,timings,JSONDecodeError
gemma4:e4b,ADI87650,Tequatrovirus T4,"{""uid"": ""298571302"", ""accession"": ""ADI87650"", ""title"": ""major head protein, partial [Tequatrovirus T4]"", ""organism"": ""Tequatrovirus T4"", ""taxonId"": 10665, ""sequence_length"": 141, ""create_date"": ""2010/06/23"", ""update_date"": ""2016/07/25"", ""dbsource"": ""insd"", ""extra"": ""gi|298571302|gb|ADI87650.1|"", ""host"": ""Enterobacteriales"", ""old_name"": ""Escherichia virus T4"", ""map"": ""between gp22 and SegD"", ""clone"": ""s10-10"", ""country"": ""China: Donghu Lake, Wuhan""}",Enterobacteriales,family,The metadata explicitly states 'host': 'Enterobacteriales'.,,metadata,True,mesophile,,,,,False,,"{'mesophile': 2, 'thermophile': 0, 'psychrophile': 0, 'none': 1}",data/accessions/ADI87650/reasoning/reasoning.txt,data/accessions/ADI87650/library/accession_lit,6,data/accessions/ADI87650/library/host_lit,5,,,242.26999999999998,end,"[""CreateAccessionLibrary"", ""ClassifyHostMetadata"", ""CreateHostLibrary"", ""ClassifyThermalMetadataVote"", ""ClassifyThermalLiteratureVotes"", ""ClassifyThermalRangeHostLiterature"", ""ClassifyThermalForcedVote""]","{""CreateAccessionLibrary"": 19.8, ""ClassifyHostMetadata"": 1.98, ""ClassifyThermalMetadataVote"": 2.46, ""ClassifyThermalLiteratureVotes"": 70.49, ""ClassifyThermalRangeHostLiterature"": 124.7, ""ClassifyThermalForcedVote"": 4.76}",False
gemma4:e4b,WXH46553,Teseptimavirus T7,"{""uid"": ""2701066911"", ""accession"": ""WXH46553"", ""title"": ""terminase large subunit [Teseptimavirus T7]"", ""organism"": ""Teseptimavirus T7"", ""taxonId"": 1985738, ""sequence_length"": 586, ""create_date"": ""2024/03/25"", ""update_date"": ""2024/03/25"", ""dbsource"": ""insd"", ""extra"": ""gi|2701066911|gb|WXH46553.1|"", ""host"": ""Escherichia coli B"", ""clone"": ""recombinant T7_mCg1o"", ""country"": ""USA"", ""collection_date"": ""01-Jan-2024""}",Escherichia coli B,species,The metadata explicitly states 'host': 'Escherichia coli B'.,,metadata,True,mesophile,,,,,False,,"{'mesophile': 3, 'thermophile': 0, 'psychrophile': 0, 'none': 1}",data/accessions/WXH46553/reasoning/reasoning.txt,data/accessions/WXH46553/library/accession_lit,6,data/accessions/WXH46553/library/host_lit,8,,,289.9,end,"[""CreateAccessionLibrary"", ""ClassifyHostMetadata"", ""CreateHostLibrary"", ""ClassifyThermalMetadataVote"", ""ClassifyThermalLiteratureVotes"", ""ClassifyThermalRangeHostLiterature"", ""ClassifyThermalForcedVote""]","{""CreateAccessionLibrary"": 11.13, ""ClassifyHostMetadata"": 1.99, ""ClassifyThermalMetadataVote"": 2.39, ""ClassifyThermalLiteratureVotes"": 212.93, ""ClassifyThermalRangeHostLiterature"": 47.24, ""ClassifyThermalForcedVote"": 4.78}",False
gemma4:e4b,WRQ14408,Escherichia phage Lambda,"{""uid"": ""2647417185"", ""accession"": ""WRQ14408"", ""title"": ""endolysin [Escherichia phage Lambda]"", ""organism"": ""Escherichia phage Lambda"", ""taxonId"": 2681611, ""sequence_length"": 158, ""create_date"": ""2024/01/16"", ""update_date"": ""2024/01/16"", ""dbsource"": ""insd"", ""extra"": ""gi|2647417185|gb|WRQ14408.1|"", ""isolate"": ""P9/2022/SA"", ""host"": ""Escherichia sp."", ""country"": ""South Africa"", ""isolation_source"": ""Cloacal swabs from Gallus gallus domesticus"", ""collection_date"": ""06-Dec-2022""}",Escherichia sp.,species,The metadata explicitly contains the key 'host' with the value 'Escherichia sp.'.,,metadata,True,mesophile,,,,,False,,"{'mesophile': 2, 'thermophile': 0, 'psychrophile': 0, 'none': 2}",data/accessions/WRQ14408/reasoning/reasoning.txt,data/accessions/WRQ14408/library/accession_lit,5,data/accessions/WRQ14408/library/host_lit,5,,,204.46,end,"[""CreateAccessionLibrary"", ""ClassifyHostMetadata"", ""CreateHostLibrary"", ""ClassifyThermalMetadataVote"", ""ClassifyThermalLiteratureVotes"", ""ClassifyThermalRangeHostLiterature"", ""ClassifyThermalForcedVote""]","{""CreateAccessionLibrary"": 27.23, ""ClassifyHostMetadata"": 2.02, ""ClassifyThermalMetadataVote"": 2.52, ""ClassifyThermalLiteratureVotes"": 115.07, ""ClassifyThermalRangeHostLiterature"": 44.59, ""ClassifyThermalForcedVote"": 4.06}",False
gemma4:e4b,XYW65533,Escherichia phage T2,"{""uid"": ""3042835930"", ""accession"": ""XYW65533"", ""title"": ""DNA helicase [Escherichia phage T2]"", ""organism"": ""Escherichia phage T2"", ""taxonId"": 2060721, ""sequence_length"": 503, ""create_date"": ""2025/08/18"", ""update_date"": ""2025/08/18"", ""dbsource"": ""insd"", ""extra"": ""gi|3042835930|gb|XYW65533.1|"", ""host"": ""Escherichia coli K-12 BW25113"", ""note"": ""ymfE mutant"", ""country"": ""USA"", ""collection_date"": ""Jun-2025""}",Escherichia coli K-12 BW25113,strain,The metadata explicitly states the host in the 'host' field as 'Escherichia coli K-12 BW25113'.,,metadata,True,mesophile,,,,,False,,"{'mesophile': 3, 'thermophile': 0, 'psychrophile': 0, 'none': 1}",data/accessions/XYW65533/reasoning/reasoning.txt,data/accessions/XYW65533/library/accession_lit,5,data/accessions/XYW65533/library/host_lit,5,,,255.57999999999998,end,"[""CreateAccessionLibrary"", ""ClassifyHostMetadata"", ""CreateHostLibrary"", ""ClassifyThermalMetadataVote"", ""ClassifyThermalLiteratureVotes"", ""ClassifyThermalRangeHostLiterature"", ""ClassifyThermalForcedVote""]","{""CreateAccessionLibrary"": 19.28, ""ClassifyHostMetadata"": 2.31, ""ClassifyThermalMetadataVote"": 2.63, ""ClassifyThermalLiteratureVotes"": 45.25, ""ClassifyThermalRangeHostLiterature"": 162.07, ""ClassifyThermalForcedVote"": 3.81}",False
gemma4:e4b,SNQ28030,Emesvirus zinderi,"{""uid"": ""1229202884"", ""accession"": ""SNQ28030"", ""title"": ""RNA replicase, beta subunit [Emesvirus zinderi]"", ""organism"": ""Emesvirus zinderi"", ""taxonId"": 329852, ""sequence_length"": 545, ""create_date"": ""2017/08/08"", ""update_date"": ""2018/06/15"", ""dbsource"": ""insd"", ""extra"": ""gi|1229202884|emb|SNQ28030.1|"", ""isolate"": ""EnteroPH/GER/L00928-K20_14-03/2014"", ""old_name"": ""Escherichia virus MS2"", ""note"": ""monopartite""}",E. coli,species,"The text explicitly states: ""The RNA bacteriophage MS2 is an RNA phage that infects the bacterium E. coli..."" and later in the Methods section: ""The bacteria host E. coli DSM 5695 (also called E. coli W1485) (F+) and MS2 bacteriophages DSM 13,767 were obtained from the DSMZ-German Collection of Microorganisms and Cell Culture."" Furthermore, the results section refers to ""E. coli host"" and ""DSM5695 E. coli cells"".",,literature,True,mesophile,,,,,False,,"{'mesophile': 2, 'thermophile': 0, 'psychrophile': 0, 'none': 2}",data/accessions/SNQ28030/reasoning/reasoning.txt,data/accessions/SNQ28030/library/accession_lit,5,data/accessions/SNQ28030/library/host_lit,10,PMC13077995.1.txt,,347.47999999999996,end,"[""CreateAccessionLibrary"", ""ClassifyHostMetadata"", ""ClassifyHostLiterature"", ""CreateHostLibrary"", ""ClassifyThermalMetadataVote"", ""ClassifyThermalLiteratureVotes"", ""ClassifyThermalRangeHostLiterature"", ""ClassifyThermalForcedVote""]","{""CreateAccessionLibrary"": 20.87, ""ClassifyHostMetadata"": 3.26, ""ClassifyHostLiterature"": 37.21, ""ClassifyThermalMetadataVote"": 2.16, ""ClassifyThermalLiteratureVotes"": 121.66, ""ClassifyThermalRangeHostLiterature"": 150.13, ""ClassifyThermalForcedVote"": 4.21}",False
gemma4:e4b,NP_049775,Escherichia phage T4,"{""uid"": ""9632590"", ""accession"": ""NP_049775"", ""title"": ""terminase small subunit [Escherichia phage T4]"", ""organism"": ""Escherichia phage T4"", ""taxonId"": 2681598, ""sequence_length"": 164, ""create_date"": ""1999/07/05"", ""update_date"": ""2023/01/11"", ""dbsource"": ""refseq"", ""extra"": ""gi|9632590|ref|NP_049775.1|"", ""host"": ""Escherichia coli"", ""old_name"": ""Bacteriophage T4""}",Escherichia coli,species,The metadata explicitly states 'host': 'Escherichia coli'.,,metadata,True,mesophile,,,,,False,,"{'mesophile': 1, 'thermophile': 0, 'psychrophile': 0, 'none': 1}",data/accessions/NP_049775/reasoning/reasoning.txt,data/accessions/NP_049775/library/accession_lit,2,data/accessions/NP_049775/library/host_lit,5,,,54.13,end,"[""CreateAccessionLibrary"", ""ClassifyHostMetadata"", ""CreateHostLibrary"", ""ClassifyThermalMetadataVote"", ""ClassifyThermalLiteratureVotes"", ""ClassifyThermalRangeHostLiterature"", ""ClassifyThermalForcedVote""]","{""CreateAccessionLibrary"": 17.44, ""ClassifyHostMetadata"": 1.93, ""ClassifyThermalMetadataVote"": 2.49, ""ClassifyThermalLiteratureVotes"": 5.52, ""ClassifyThermalRangeHostLiterature"": 13.17, ""ClassifyThermalForcedVote"": 5.04}",False
gemma4:e4b,NP_049787,Escherichia phage T4,"{""uid"": ""9632597"", ""accession"": ""NP_049787"", ""title"": ""major head protein [Escherichia phage T4]"", ""organism"": ""Escherichia phage T4"", ""taxonId"": 2681598, ""sequence_length"": 521, ""create_date"": ""1999/07/05"", ""update_date"": ""2023/01/11"", ""dbsource"": ""refseq"", ""extra"": ""gi|9632597|ref|NP_049787.1|"", ""host"": ""Escherichia coli"", ""old_name"": ""Bacteriophage T4""}",Escherichia coli,species,The metadata explicitly states 'host': 'Escherichia coli'.,,metadata,True,mesophile,,,,,False,,"{'mesophile': 1, 'thermophile': 0, 'psychrophile': 0, 'none': 1}",data/accessions/NP_049787/reasoning/reasoning.txt,data/accessions/NP_049787/library/accession_lit,1,data/accessions/NP_049787/library/host_lit,5,,,41.260000000000005,end,"[""CreateAccessionLibrary"", ""ClassifyHostMetadata"", ""CreateHostLibrary"", ""ClassifyThermalMetadataVote"", ""ClassifyThermalLiteratureVotes"", ""ClassifyThermalRangeHostLiterature"", ""ClassifyThermalForcedVote""]","{""CreateAccessionLibrary"": 8.66, ""ClassifyHostMetadata"": 1.91, ""ClassifyThermalMetadataVote"": 2.44, ""ClassifyThermalLiteratureVotes"": 2.52, ""ClassifyThermalRangeHostLiterature"": 13.03, ""ClassifyThermalForcedVote"": 3.7}",False
gemma4:e4b,YP_001956829,Pseudomonas phage 201phi2-1,"{""uid"": ""189490263"", ""accession"": ""YP_001956829"", ""title"": ""nuclear shell protein [Pseudomonas phage 201phi2-1]"", ""organism"": ""Pseudomonas phage 201phi2-1"", ""taxonId"": 198110, ""sequence_length"": 631, ""create_date"": ""2008/06/06"", ""update_date"": ""2023/01/08"", ""dbsource"": ""refseq"", ""extra"": ""gi|189490263|ref|YP_001956829.1|"", ""host"": ""Pseudomonas chlororaphis"", ""old_name"": ""Pseudomonas chlororaphis phage 201phi2-1""}",Pseudomonas chlororaphis,species,The metadata explicitly states 'host': 'Pseudomonas chlororaphis'.,,metadata,True,mesophile,,,,,False,,"{'mesophile': 1, 'thermophile': 0, 'psychrophile': 0, 'none': 1}",data/accessions/YP_001956829/reasoning/reasoning.txt,data/accessions/YP_001956829/library/accession_lit,1,data/accessions/YP_001956829/library/host_lit,5,,,166.46999999999997,end,"[""CreateAccessionLibrary"", ""ClassifyHostMetadata"", ""CreateHostLibrary"", ""ClassifyThermalMetadataVote"", ""ClassifyThermalLiteratureVotes"", ""ClassifyThermalRangeHostLiterature"", ""ClassifyThermalForcedVote""]","{""CreateAccessionLibrary"": 7.55, ""ClassifyHostMetadata"": 2.05, ""ClassifyThermalMetadataVote"": 2.57, ""ClassifyThermalLiteratureVotes"": 2.94, ""ClassifyThermalRangeHostLiterature"": 133.32, ""ClassifyThermalForcedVote"": 3.89}",False
gemma4:e4b,AAC18470,Mycobacterium phage D29,"{""uid"": ""3172277"", ""accession"": ""AAC18470"", ""title"": ""hypothetical protein PBI_D29_29 [Mycobacterium phage D29]"", ""organism"": ""Mycobacterium phage D29"", ""taxonId"": 2905674, ""sequence_length"": 147, ""create_date"": ""1998/06/02"", ""update_date"": ""2023/08/29"", ""dbsource"": ""insd"", ""extra"": ""gi|3172277|gb|AAC18470.1|"", ""old_name"": ""Mycobacteriophage D29"", ""lab_host"": ""Mycobacterium smegmatis mc2 155"", ""country"": ""USA: Los Angeles, California"", ""lat_lon"": ""34.073135 N 118.442406 W"", ""collected_by"": ""S. Froman"", ""identified_by"": ""S. Froman""}",Mycobacterium smegmatis mc2 155,strain,"The metadata contains the key 'lab_host' with the value 'Mycobacterium smegmatis mc2 155', which explicitly states the host organism.",,metadata,True,mesophile,,,,,False,,"{'mesophile': 2, 'thermophile': 0, 'psychrophile': 0, 'none': 1}",data/accessions/AAC18470/reasoning/reasoning.txt,data/accessions/AAC18470/library/accession_lit,1,data/accessions/AAC18470/library/host_lit,4,,,151.24,end,"[""CreateAccessionLibrary"", ""ClassifyHostMetadata"", ""CreateHostLibrary"", ""ClassifyThermalMetadataVote"", ""ClassifyThermalLiteratureVotes"", ""ClassifyThermalRangeHostLiterature"", ""ClassifyThermalForcedVote""]","{""CreateAccessionLibrary"": 5.94, ""ClassifyHostMetadata"": 2.63, ""ClassifyThermalMetadataVote"": 2.8, ""ClassifyThermalLiteratureVotes"": 2.44, ""ClassifyThermalRangeHostLiterature"": 115.93, ""ClassifyThermalForcedVote"": 4.28}",False
gemma4:e4b,NP_046847,Mycobacterium phage D29,"{""uid"": ""9630415"", ""accession"": ""NP_046847"", ""title"": ""minor tail protein [Mycobacterium phage D29]"", ""organism"": ""Mycobacterium phage D29"", ""taxonId"": 2905674, ""sequence_length"": 617, ""create_date"": ""1998/06/02"", ""update_date"": ""2023/01/11"", ""dbsource"": ""refseq"", ""extra"": ""gi|9630415|ref|NP_046847.1|"", ""old_name"": ""Mycobacteriophage D29"", ""lab_host"": ""Mycobacterium smegmatis mc2 155"", ""country"": ""USA: Los Angeles, California"", ""lat_lon"": ""34.073135 N 118.442406 W"", ""collected_by"": ""S. Froman"", ""identified_by"": ""S. Froman""}",Mycobacterium smegmatis mc2 155,strain,"The metadata contains the key 'lab_host' with the value 'Mycobacterium smegmatis mc2 155', which explicitly states the host organism.",,metadata,True,mesophile,,,,,False,,"{'mesophile': 2, 'thermophile': 0, 'psychrophile': 0, 'none': 1}",data/accessions/NP_046847/reasoning/reasoning.txt,data/accessions/NP_046847/library/accession_lit,1,data/accessions/NP_046847/library/host_lit,4,,,149.1,end,"[""CreateAccessionLibrary"", ""ClassifyHostMetadata"", ""CreateHostLibrary"", ""ClassifyThermalMetadataVote"", ""ClassifyThermalLiteratureVotes"", ""ClassifyThermalRangeHostLiterature"", ""ClassifyThermalForcedVote""]","{""CreateAccessionLibrary"": 5.03, ""ClassifyHostMetadata"": 2.58, ""ClassifyThermalMetadataVote"": 2.86, ""ClassifyThermalLiteratureVotes"": 2.52, ""ClassifyThermalRangeHostLiterature"": 114.7, ""ClassifyThermalForcedVote"": 4.64}",False
gemma4:e4b,NP_040628,Escherichia phage Lambda,"{""uid"": ""9626292"", ""accession"": ""NP_040628"", ""title"": ""LexA family transcriptional regulator [Escherichia phage Lambda]"", ""organism"": ""Escherichia phage Lambda"", ""taxonId"": 2681611, ""sequence_length"": 237, ""create_date"": ""1993/04/28"", ""update_date"": ""2023/01/11"", ""dbsource"": ""refseq"", ""extra"": ""gi|9626292|ref|NP_040628.1|"", ""host"": ""Escherichia coli"", ""old_name"": ""Bacteriophage lambda""}",Escherichia coli,species,The metadata explicitly states 'host': 'Escherichia coli'.,,metadata,True,mesophile,,,,,False,,"{'mesophile': 2, 'thermophile': 0, 'psychrophile': 0, 'none': 1}",data/accessions/NP_040628/reasoning/reasoning.txt,data/accessions/NP_040628/library/accession_lit,18,data/accessions/NP_040628/library/host_lit,5,,,117.41999999999999,end,"[""CreateAccessionLibrary"", ""ClassifyHostMetadata"", ""CreateHostLibrary"", ""ClassifyThermalMetadataVote"", ""ClassifyThermalLiteratureVotes"", ""ClassifyThermalRangeHostLiterature"", ""ClassifyThermalForcedVote""]","{""CreateAccessionLibrary"": 50.72, ""ClassifyHostMetadata"": 2.0, ""ClassifyThermalMetadataVote"": 2.48, ""ClassifyThermalLiteratureVotes"": 37.08, ""ClassifyThermalRangeHostLiterature"": 13.28, ""ClassifyThermalForcedVote"": 3.59}",False
gemma4:e4b,NP_040587,Escherichia phage Lambda,"{""uid"": ""9626251"", ""accession"": ""NP_040587"", ""title"": ""major capsid protein [Escherichia phage Lambda]"", ""organism"": ""Escherichia phage Lambda"", ""taxonId"": 2681611, ""sequence_length"": 341, ""create_date"": ""1993/04/28"", ""update_date"": ""2023/01/11"", ""dbsource"": ""refseq"", ""extra"": ""gi|9626251|ref|NP_040587.1|"", ""host"": ""Escherichia coli"", ""old_name"": ""Bacteriophage lambda""}",Escherichia coli,species,The metadata explicitly states the 'host' as 'Escherichia coli'.,,metadata,True,mesophile,,,,,False,,"{'mesophile': 2, 'thermophile': 0, 'psychrophile': 0, 'none': 1}",data/accessions/NP_040587/reasoning/reasoning.txt,data/accessions/NP_040587/library/accession_lit,9,data/accessions/NP_040587/library/host_lit,5,,,75.02,end,"[""CreateAccessionLibrary"", ""ClassifyHostMetadata"", ""CreateHostLibrary"", ""ClassifyThermalMetadataVote"", ""ClassifyThermalLiteratureVotes"", ""ClassifyThermalRangeHostLiterature"", ""ClassifyThermalForcedVote""]","{""CreateAccessionLibrary"": 25.41, ""ClassifyHostMetadata"": 1.95, ""ClassifyThermalMetadataVote"": 2.49, ""ClassifyThermalLiteratureVotes"": 20.07, ""ClassifyThermalRangeHostLiterature"": 13.09, ""ClassifyThermalForcedVote"": 3.6}",False
gemma4:e4b,NP_042001,Escherichia phage T7,"{""uid"": ""9627473"", ""accession"": ""NP_042001"", ""title"": ""internal virion protein [Escherichia phage T7]"", ""organism"": ""Escherichia phage T7"", ""taxonId"": 10760, ""sequence_length"": 138, ""create_date"": ""1982/11/03"", ""update_date"": ""2023/01/07"", ""dbsource"": ""refseq"", ""extra"": ""gi|9627473|ref|NP_042001.1|"", ""host"": ""Escherichia coli"", ""old_name"": ""Enterobacteria phage T7"", ""gb_acronym"": ""T7""}",Escherichia coli,species,The metadata explicitly contains the key 'host' with the value 'Escherichia coli'.,,metadata,True,mesophile,,,,,False,,"{'mesophile': 1, 'thermophile': 0, 'psychrophile': 0, 'none': 1}",data/accessions/NP_042001/reasoning/reasoning.txt,data/accessions/NP_042001/library/accession_lit,8,data/accessions/NP_042001/library/host_lit,5,,,74.85,end,"[""CreateAccessionLibrary"", ""ClassifyHostMetadata"", ""CreateHostLibrary"", ""ClassifyThermalMetadataVote"", ""ClassifyThermalLiteratureVotes"", ""ClassifyThermalRangeHostLiterature"", ""ClassifyThermalForcedVote""]","{""CreateAccessionLibrary"": 24.81, ""ClassifyHostMetadata"": 2.01, ""ClassifyThermalMetadataVote"": 2.54, ""ClassifyThermalLiteratureVotes"": 19.18, ""ClassifyThermalRangeHostLiterature"": 13.49, ""ClassifyThermalForcedVote"": 4.37}",False
gemma4:e4b,NP_042005,Escherichia phage T7,"{""uid"": ""9627477"", ""accession"": ""NP_042005"", ""title"": ""tail fiber protein [Escherichia phage T7]"", ""organism"": ""Escherichia phage T7"", ""taxonId"": 10760, ""sequence_length"": 553, ""create_date"": ""1982/11/03"", ""update_date"": ""2023/01/07"", ""dbsource"": ""refseq"", ""extra"": ""gi|9627477|ref|NP_042005.1|"", ""host"": ""Escherichia coli"", ""old_name"": ""Enterobacteria phage T7"", ""gb_acronym"": ""T7""}",Escherichia coli,species,The metadata explicitly contains the key 'host' with the value 'Escherichia coli'.,,metadata,True,mesophile,,,,,False,,"{'mesophile': 4, 'thermophile': 0, 'psychrophile': 0, 'none': 1}",data/accessions/NP_042005/reasoning/reasoning.txt,data/accessions/NP_042005/library/accession_lit,5,data/accessions/NP_042005/library/host_lit,5,,,280.46000000000004,end,"[""CreateAccessionLibrary"", ""ClassifyHostMetadata"", ""CreateHostLibrary"", ""ClassifyThermalMetadataVote"", ""ClassifyThermalLiteratureVotes"", ""ClassifyThermalRangeHostLiterature"", ""ClassifyThermalForcedVote""]","{""CreateAccessionLibrary"": 32.43, ""ClassifyHostMetadata"": 2.05, ""ClassifyThermalMetadataVote"": 2.46, ""ClassifyThermalLiteratureVotes"": 215.36, ""ClassifyThermalRangeHostLiterature"": 14.62, ""ClassifyThermalForcedVote"": 4.5}",False
gemma4:e4b,NP_041967,Escherichia phage T7,"{""uid"": ""9627439"", ""accession"": ""NP_041967"", ""title"": ""nucleotide kinase [Escherichia phage T7]"", ""organism"": ""Escherichia phage T7"", ""taxonId"": 10760, ""sequence_length"": 196, ""create_date"": ""1982/11/03"", ""update_date"": ""2023/01/07"", ""dbsource"": ""refseq"", ""extra"": ""gi|9627439|ref|NP_041967.1|"", ""host"": ""Escherichia coli"", ""old_name"": ""Enterobacteria phage T7"", ""gb_acronym"": ""T7""}",Escherichia coli,species,The metadata explicitly contains the key 'host' with the value 'Escherichia coli'.,,metadata,True,mesophile,,,,,False,,"{'mesophile': 1, 'thermophile': 0, 'psychrophile': 0, 'none': 1}",data/accessions/NP_041967/reasoning/reasoning.txt,data/accessions/NP_041967/library/accession_lit,8,data/accessions/NP_041967/library/host_lit,5,,,77.77000000000001,end,"[""CreateAccessionLibrary"", ""ClassifyHostMetadata"", ""CreateHostLibrary"", ""ClassifyThermalMetadataVote"", ""ClassifyThermalLiteratureVotes"", ""ClassifyThermalRangeHostLiterature"", ""ClassifyThermalForcedVote""]","{""CreateAccessionLibrary"": 29.1, ""ClassifyHostMetadata"": 2.16, ""ClassifyThermalMetadataVote"": 2.49, ""ClassifyThermalLiteratureVotes"": 18.54, ""ClassifyThermalRangeHostLiterature"": 13.12, ""ClassifyThermalForcedVote"": 3.87}",False
gemma4:e4b,NP_049666,Escherichia phage T4,"{""uid"": ""9632639"", ""accession"": ""NP_049666"", ""title"": ""DNA polymerase processivity factor [Escherichia phage T4]"", ""organism"": ""Escherichia phage T4"", ""taxonId"": 2681598, ""sequence_length"": 228, ""create_date"": ""1999/07/05"", ""update_date"": ""2023/01/11"", ""dbsource"": ""refseq"", ""extra"": ""gi|9632639|ref|NP_049666.1|"", ""host"": ""Escherichia coli"", ""old_name"": ""Bacteriophage T4""}",Escherichia coli,species,The metadata explicitly states 'host': 'Escherichia coli'.,,metadata,True,mesophile,,,,,False,,"{'mesophile': 1, 'thermophile': 0, 'psychrophile': 0, 'none': 1}",data/accessions/NP_049666/reasoning/reasoning.txt,data/accessions/NP_049666/library/accession_lit,0,data/accessions/NP_049666/library/host_lit,5,,,40.65,end,"[""CreateAccessionLibrary"", ""ClassifyHostMetadata"", ""CreateHostLibrary"", ""ClassifyThermalMetadataVote"", ""ClassifyThermalLiteratureVotes"", ""ClassifyThermalRangeHostLiterature"", ""ClassifyThermalForcedVote""]","{""CreateAccessionLibrary"": 10.62, ""ClassifyHostMetadata"": 2.02, ""ClassifyThermalMetadataVote"": 2.5, ""ClassifyThermalLiteratureVotes"": 0.01, ""ClassifyThermalRangeHostLiterature"": 13.57, ""ClassifyThermalForcedVote"": 3.8}",False
gemma4:e4b,YP_010085862,Orthopoxvirus Abatino,"{""uid"": ""2047106650"", ""accession"": ""YP_010085862"", ""title"": ""putative B17L protein [Orthopoxvirus Abatino]"", ""organism"": ""Orthopoxvirus Abatino"", ""taxonId"": 2478919, ""sequence_length"": 340, ""create_date"": ""2021/06/01"", ""update_date"": ""2023/01/10"", ""dbsource"": ""refseq"", ""extra"": ""gi|2047106650|ref|YP_010085862.1|"", ""isolate"": ""Abatino"", ""host"": ""Macaca tonkeana"", ""country"": ""Italy"", ""collection_date"": ""2015""}",Macaca tonkeana,species,The metadata explicitly contains the key 'host' with the value 'Macaca tonkeana'.,,metadata,True,mesophile,,,,,False,,"{'mesophile': 1, 'thermophile': 0, 'psychrophile': 0, 'none': 1}",data/accessions/YP_010085862/reasoning/reasoning.txt,data/accessions/YP_010085862/library/accession_lit,1,data/accessions/YP_010085862/library/host_lit,5,,,180.53,end,"[""CreateAccessionLibrary"", ""ClassifyHostMetadata"", ""CreateHostLibrary"", ""ClassifyThermalMetadataVote"", ""ClassifyThermalLiteratureVotes"", ""ClassifyThermalRangeHostLiterature"", ""ClassifyThermalForcedVote""]","{""CreateAccessionLibrary"": 7.05, ""ClassifyHostMetadata"": 2.08, ""ClassifyThermalMetadataVote"": 2.23, ""ClassifyThermalLiteratureVotes"": 20.59, ""ClassifyThermalRangeHostLiterature"": 130.47, ""ClassifyThermalForcedVote"": 4.52}",False
gemma4:e4b,YP_009168084,Escherichia phage AR1,"{""uid"": ""937533110"", ""accession"": ""YP_009168084"", ""title"": ""Ndd-like nucleoid disruption protein [Escherichia phage AR1]"", ""organism"": ""Escherichia phage AR1"", ""taxonId"": 66711, ""sequence_length"": 147, ""create_date"": ""2015/10/08"", ""update_date"": ""2023/01/07"", ""dbsource"": ""refseq"", ""extra"": ""gi|937533110|ref|YP_009168084.1|"", ""strain"": ""AR1"", ""host"": ""Escherichia coli O157:H7"", ""old_name"": ""Enterobacteria phage AR1"", ""note"": ""T4-like phage""}",Escherichia coli O157:H7,strain,The metadata explicitly states the host as 'Escherichia coli O157:H7' under the 'host' key.,,metadata,True,mesophile,,,,,False,,"{'mesophile': 3, 'thermophile': 0, 'psychrophile': 0, 'none': 1}",data/accessions/YP_009168084/reasoning/reasoning.txt,data/accessions/YP_009168084/library/accession_lit,3,data/accessions/YP_009168084/library/host_lit,5,,,92.52999999999999,end,"[""CreateAccessionLibrary"", ""ClassifyHostMetadata"", ""CreateHostLibrary"", ""ClassifyThermalMetadataVote"", ""ClassifyThermalLiteratureVotes"", ""ClassifyThermalRangeHostLiterature"", ""ClassifyThermalForcedVote""]","{""CreateAccessionLibrary"": 17.91, ""ClassifyHostMetadata"": 2.26, ""ClassifyThermalMetadataVote"": 2.26, ""ClassifyThermalLiteratureVotes"": 7.02, ""ClassifyThermalRangeHostLiterature"": 49.3, ""ClassifyThermalForcedVote"": 4.21}",False
gemma4:e4b,YP_001956832,Pseudomonas phage 201phi2-1,"{""uid"": ""189490266"", ""accession"": ""YP_001956832"", ""title"": ""hypothetical protein ST201phi2-1p108 [Pseudomonas phage 201phi2-1]"", ""organism"": ""Pseudomonas phage 201phi2-1"", ""taxonId"": 198110, ""sequence_length"": 142, ""create_date"": ""2008/06/06"", ""update_date"": ""2023/01/08"", ""dbsource"": ""refseq"", ""extra"": ""gi|189490266|ref|YP_001956832.1|"", ""host"": ""Pseudomonas chlororaphis"", ""old_name"": ""Pseudomonas chlororaphis phage 201phi2-1""}",Pseudomonas chlororaphis,species,The metadata explicitly states 'host': 'Pseudomonas chlororaphis'.,,metadata,True,mesophile,,,,,False,,"{'mesophile': 1, 'thermophile': 0, 'psychrophile': 0, 'none': 1}",data/accessions/YP_001956832/reasoning/reasoning.txt,data/accessions/YP_001956832/library/accession_lit,1,data/accessions/YP_001956832/library/host_lit,5,,,163.78,end,"[""CreateAccessionLibrary"", ""ClassifyHostMetadata"", ""CreateHostLibrary"", ""ClassifyThermalMetadataVote"", ""ClassifyThermalLiteratureVotes"", ""ClassifyThermalRangeHostLiterature"", ""ClassifyThermalForcedVote""]","{""CreateAccessionLibrary"": 8.98, ""ClassifyHostMetadata"": 2.08, ""ClassifyThermalMetadataVote"": 2.53, ""ClassifyThermalLiteratureVotes"": 2.75, ""ClassifyThermalRangeHostLiterature"": 128.12, ""ClassifyThermalForcedVote"": 3.56}",False
gemma4:e4b,YP_001956835,Pseudomonas phage 201phi2-1,"{""uid"": ""189490269"", ""accession"": ""YP_001956835"", ""title"": ""hypothetical protein ST201phi2-1p111 [Pseudomonas phage 201phi2-1]"", ""organism"": ""Pseudomonas phage 201phi2-1"", ""taxonId"": 198110, ""sequence_length"": 67, ""create_date"": ""2008/06/06"", ""update_date"": ""2023/01/08"", ""dbsource"": ""refseq"", ""extra"": ""gi|189490269|ref|YP_001956835.1|"", ""host"": ""Pseudomonas chlororaphis"", ""old_name"": ""Pseudomonas chlororaphis phage 201phi2-1""}",Pseudomonas chlororaphis,species,The metadata explicitly states 'host': 'Pseudomonas chlororaphis'.,,metadata,True,mesophile,,,,,False,,"{'mesophile': 1, 'thermophile': 0, 'psychrophile': 0, 'none': 1}",data/accessions/YP_001956835/reasoning/reasoning.txt,data/accessions/YP_001956835/library/accession_lit,1,data/accessions/YP_001956835/library/host_lit,5,,,167.56,end,"[""CreateAccessionLibrary"", ""ClassifyHostMetadata"", ""CreateHostLibrary"", ""ClassifyThermalMetadataVote"", ""ClassifyThermalLiteratureVotes"", ""ClassifyThermalRangeHostLiterature"", ""ClassifyThermalForcedVote""]","{""CreateAccessionLibrary"": 10.96, ""ClassifyHostMetadata"": 2.08, ""ClassifyThermalMetadataVote"": 2.51, ""ClassifyThermalLiteratureVotes"": 2.75, ""ClassifyThermalRangeHostLiterature"": 129.62, ""ClassifyThermalForcedVote"": 4.13}",False
gemma4:e4b,A7XXB7,Thermus phage P23-45,"{""uid"": ""1679373715"", ""accession"": ""A7XXB7"", ""title"": ""RecName: Full=Terminase, large subunit; AltName: Full=DNA-packaging protein; AltName: Full=Gene product 85; Short=gp85; Includes: RecName: Full=ATPase; Includes: RecName: Full=Endonuclease"", ""organism"": ""Thermus phage P23-45"", ""taxonId"": 2914006, ""sequence_length"": 485, ""create_date"": ""2019/05/08"", ""update_date"": ""2026/01/28"", ""dbsource"": ""swiss_prot"", ""extra"": ""gi|1679373715|sp|A7XXB7.1|TERL_BP234"", ""host"": ""Thermus thermophilus""}",Thermus thermophilus,species,The metadata explicitly contains the key 'host' with the value 'Thermus thermophilus'.,,metadata,True,thermophile,,,,,False,,"{'mesophile': 0, 'thermophile': 7, 'psychrophile': 0, 'none': 0}",data/accessions/A7XXB7/reasoning/reasoning.txt,data/accessions/A7XXB7/library/accession_lit,1,data/accessions/A7XXB7/library/host_lit,5,,,173.64,end,"[""CreateAccessionLibrary"", ""ClassifyHostMetadata"", ""CreateHostLibrary"", ""ClassifyThermalMetadataVote"", ""ClassifyThermalLiteratureVotes"", ""ClassifyThermalRangeHostLiterature"", ""ClassifyThermalForcedVote""]","{""CreateAccessionLibrary"": 13.36, ""ClassifyHostMetadata"": 2.21, ""ClassifyThermalMetadataVote"": 2.91, ""ClassifyThermalLiteratureVotes"": 24.28, ""ClassifyThermalRangeHostLiterature"": 115.27, ""ClassifyThermalForcedVote"": 3.18}",False
gemma4:e4b,QAY18187,Thermus phage TSP4,"{""uid"": ""1565796668"", ""accession"": ""QAY18187"", ""title"": ""metal-dependent hydrolase [Thermus phage TSP4]"", ""organism"": ""Thermus phage TSP4"", ""taxonId"": 1298530, ""sequence_length"": 287, ""create_date"": ""2019/02/06"", ""update_date"": ""2019/02/06"", ""dbsource"": ""insd"", ""extra"": ""gi|1565796668|gb|QAY18187.1|"", ""host"": ""Thermus sp. TC4"", ""country"": ""China"", ""collection_date"": ""01-Jan-2008""}",Thermus sp. TC4,strain,The metadata explicitly states 'host': 'Thermus sp. TC4'.,,metadata,True,thermophile,,,,,False,,"{'mesophile': 0, 'thermophile': 6, 'psychrophile': 0, 'none': 0}",data/accessions/QAY18187/reasoning/reasoning.txt,data/accessions/QAY18187/library/accession_lit,5,data/accessions/QAY18187/library/host_lit,0,,,104.54,end,"[""CreateAccessionLibrary"", ""ClassifyHostMetadata"", ""CreateHostLibrary"", ""ClassifyThermalMetadataVote"", ""ClassifyThermalLiteratureVotes"", ""ClassifyThermalRangeHostLiterature"", ""ClassifyThermalForcedVote""]","{""CreateAccessionLibrary"": 19.02, ""ClassifyHostMetadata"": 2.06, ""ClassifyThermalMetadataVote"": 2.82, ""ClassifyThermalLiteratureVotes"": 76.95, ""ClassifyThermalRangeHostLiterature"": 0.01, ""ClassifyThermalForcedVote"": 3.18}",False
gemma4:e4b,YP_001285867,Geobacillus virus E2,"{""uid"": ""148747787"", ""accession"": ""YP_001285867"", ""title"": ""ATPase [Geobacillus virus E2]"", ""organism"": ""Geobacillus virus E2"", ""taxonId"": 447909, ""sequence_length"": 49, ""create_date"": ""2007/06/11"", ""update_date"": ""2023/01/08"", ""dbsource"": ""refseq"", ""extra"": ""gi|148747787|ref|YP_001285867.1|"", ""host"": ""Geobacillus"", ""country"": ""China"", ""isolation_source"": ""deep-sea hydrothermal field""}",Geobacillus,genus,The metadata explicitly contains the key 'host' with the value 'Geobacillus'.,,metadata,True,thermophile,,,,,False,,"{'mesophile': 0, 'thermophile': 5, 'psychrophile': 0, 'none': 0}",data/accessions/YP_001285867/reasoning/reasoning.txt,data/accessions/YP_001285867/library/accession_lit,1,data/accessions/YP_001285867/library/host_lit,5,,,223.5,end,"[""CreateAccessionLibrary"", ""ClassifyHostMetadata"", ""CreateHostLibrary"", ""ClassifyThermalMetadataVote"", ""ClassifyThermalLiteratureVotes"", ""ClassifyThermalRangeHostLiterature"", ""ClassifyThermalForcedVote""]","{""CreateAccessionLibrary"": 4.23, ""ClassifyHostMetadata"": 1.97, ""ClassifyThermalMetadataVote"": 2.41, ""ClassifyThermalLiteratureVotes"": 2.97, ""ClassifyThermalRangeHostLiterature"": 191.91, ""ClassifyThermalForcedVote"": 2.81}",False
gemma4:e4b,NP_835731,Rhodothermus phage RM378,"{""uid"": ""30044134"", ""accession"": ""NP_835731"", ""title"": ""RNA polymerase sigma factor [Rhodothermus phage RM378]"", ""organism"": ""Rhodothermus phage RM378"", ""taxonId"": 148943, ""sequence_length"": 199, ""create_date"": ""2003/04/22"", ""update_date"": ""2023/01/08"", ""dbsource"": ""refseq"", ""extra"": ""gi|30044134|gnl|REF_NCBI_MICRO|phiN315_144|ref|NP_835731.1|"", ""host"": ""Rhodothermus marinus"", ""old_name"": ""Bacteriophage RM 378""}",Rhodothermus marinus,species,The metadata explicitly contains the key 'host' with the value 'Rhodothermus marinus'.,,metadata,True,thermophile,,,,,False,,"{'mesophile': 0, 'thermophile': 5, 'psychrophile': 0, 'none': 1}",data/accessions/NP_835731/reasoning/reasoning.txt,data/accessions/NP_835731/library/accession_lit,2,data/accessions/NP_835731/library/host_lit,5,,,46.13,end,"[""CreateAccessionLibrary"", ""ClassifyHostMetadata"", ""CreateHostLibrary"", ""ClassifyThermalMetadataVote"", ""ClassifyThermalLiteratureVotes"", ""ClassifyThermalRangeHostLiterature"", ""ClassifyThermalForcedVote""]","{""CreateAccessionLibrary"": 9.34, ""ClassifyHostMetadata"": 2.14, ""ClassifyThermalMetadataVote"": 2.48, ""ClassifyThermalLiteratureVotes"": 7.21, ""ClassifyThermalRangeHostLiterature"": 12.38, ""ClassifyThermalForcedVote"": 4.54}",False
gemma4:e4b,YP_874174,Thermus phage phiYS40,"{""uid"": ""118197781"", ""accession"": ""YP_874174"", ""title"": ""Fe-S oxidoreductase [Thermus phage phiYS40]"", ""organism"": ""Thermus phage phiYS40"", ""taxonId"": 407392, ""sequence_length"": 355, ""create_date"": ""2006/11/21"", ""update_date"": ""2023/01/08"", ""dbsource"": ""refseq"", ""extra"": ""gi|118197781|ref|YP_874174.1|"", ""old_name"": ""Thermus thermophilus phage YS40""}",Thermus thermophilus,species,"The text states, ""We determined the sequence of the 152,372 bp genome of phiYS40, a lytic tailed bacteriophage of Thermus thermophilus.""",,literature,True,thermophile,,,,,False,,"{'mesophile': 0, 'thermophile': 6, 'psychrophile': 0, 'none': 0}",data/accessions/YP_874174/reasoning/reasoning.txt,data/accessions/YP_874174/library/accession_lit,1,data/accessions/YP_874174/library/host_lit,5,17027029.txt,,148.24999999999997,end,"[""CreateAccessionLibrary"", ""ClassifyHostMetadata"", ""ClassifyHostLiterature"", ""CreateHostLibrary"", ""ClassifyThermalMetadataVote"", ""ClassifyThermalLiteratureVotes"", ""ClassifyThermalRangeHostLiterature"", ""ClassifyThermalForcedVote""]","{""CreateAccessionLibrary"": 6.14, ""ClassifyHostMetadata"": 2.43, ""ClassifyHostLiterature"": 2.51, ""ClassifyThermalMetadataVote"": 2.81, ""ClassifyThermalLiteratureVotes"": 2.81, ""ClassifyThermalRangeHostLiterature"": 115.46, ""ClassifyThermalForcedVote"": 2.92}",False
gemma4:e4b,YP_001468074,Thermus phage P74-26,"{""uid"": ""158635925"", ""accession"": ""YP_001468074"", ""title"": ""virion structural protein [Thermus phage P74-26]"", ""organism"": ""Thermus phage P74-26"", ""taxonId"": 2914007, ""sequence_length"": 297, ""create_date"": ""2007/09/14"", ""update_date"": ""2023/01/11"", ""dbsource"": ""refseq"", ""extra"": ""gi|158635925|ref|YP_001468074.2|"", ""host"": ""Thermus thermophilus""}",Thermus thermophilus,species,The metadata explicitly states the 'host' as 'Thermus thermophilus'.,,metadata,True,thermophile,,,,,False,,"{'mesophile': 0, 'thermophile': 6, 'psychrophile': 0, 'none': 0}",data/accessions/YP_001468074/reasoning/reasoning.txt,data/accessions/YP_001468074/library/accession_lit,0,data/accessions/YP_001468074/library/host_lit,5,,,144.23,end,"[""CreateAccessionLibrary"", ""ClassifyHostMetadata"", ""CreateHostLibrary"", ""ClassifyThermalMetadataVote"", ""ClassifyThermalLiteratureVotes"", ""ClassifyThermalRangeHostLiterature"", ""ClassifyThermalForcedVote""]","{""CreateAccessionLibrary"": 5.9, ""ClassifyHostMetadata"": 1.92, ""ClassifyThermalMetadataVote"": 2.83, ""ClassifyThermalLiteratureVotes"": 0.01, ""ClassifyThermalRangeHostLiterature"": 116.42, ""ClassifyThermalForcedVote"": 3.23}",False
gemma4:e4b,YP_001468079,Thermus phage P74-26,"{""uid"": ""157265521"", ""accession"": ""YP_001468079"", ""title"": ""DNA repair exonuclease [Thermus phage P74-26]"", ""organism"": ""Thermus phage P74-26"", ""taxonId"": 2914007, ""sequence_length"": 270, ""create_date"": ""2007/09/14"", ""update_date"": ""2023/01/11"", ""dbsource"": ""refseq"", ""extra"": ""gi|157265521|ref|YP_001468079.1|"", ""host"": ""Thermus thermophilus""}",Thermus thermophilus,species,The metadata explicitly states the 'host' as 'Thermus thermophilus'.,,metadata,True,thermophile,,,,,False,,"{'mesophile': 0, 'thermophile': 6, 'psychrophile': 0, 'none': 0}",data/accessions/YP_001468079/reasoning/reasoning.txt,data/accessions/YP_001468079/library/accession_lit,0,data/accessions/YP_001468079/library/host_lit,5,,,154.85999999999999,end,"[""CreateAccessionLibrary"", ""ClassifyHostMetadata"", ""CreateHostLibrary"", ""ClassifyThermalMetadataVote"", ""ClassifyThermalLiteratureVotes"", ""ClassifyThermalRangeHostLiterature"", ""ClassifyThermalForcedVote""]","{""CreateAccessionLibrary"": 9.96, ""ClassifyHostMetadata"": 2.04, ""ClassifyThermalMetadataVote"": 2.89, ""ClassifyThermalLiteratureVotes"": 0.01, ""ClassifyThermalRangeHostLiterature"": 122.03, ""ClassifyThermalForcedVote"": 3.23}",False
gemma4:e4b,YP_001468077,Thermus phage P74-26,"{""uid"": ""157265519"", ""accession"": ""YP_001468077"", ""title"": ""metallo-endopeptidase [Thermus phage P74-26]"", ""organism"": ""Thermus phage P74-26"", ""taxonId"": 2914007, ""sequence_length"": 153, ""create_date"": ""2007/09/14"", ""update_date"": ""2023/01/11"", ""dbsource"": ""refseq"", ""extra"": ""gi|157265519|ref|YP_001468077.1|"", ""host"": ""Thermus thermophilus""}",Thermus thermophilus,species,The metadata explicitly states the 'host' as 'Thermus thermophilus'.,,metadata,True,thermophile,,,,,False,,"{'mesophile': 0, 'thermophile': 6, 'psychrophile': 0, 'none': 0}",data/accessions/YP_001468077/reasoning/reasoning.txt,data/accessions/YP_001468077/library/accession_lit,0,data/accessions/YP_001468077/library/host_lit,5,,,153.71,end,"[""CreateAccessionLibrary"", ""ClassifyHostMetadata"", ""CreateHostLibrary"", ""ClassifyThermalMetadataVote"", ""ClassifyThermalLiteratureVotes"", ""ClassifyThermalRangeHostLiterature"", ""ClassifyThermalForcedVote""]","{""CreateAccessionLibrary"": 10.48, ""ClassifyHostMetadata"": 2.04, ""ClassifyThermalMetadataVote"": 2.89, ""ClassifyThermalLiteratureVotes"": 0.01, ""ClassifyThermalRangeHostLiterature"": 120.56, ""ClassifyThermalForcedVote"": 3.44}",False
gemma4:e4b,YP_001468072,Thermus phage P74-26,"{""uid"": ""157265514"", ""accession"": ""YP_001468072"", ""title"": ""WD40-like beta-propeller protein [Thermus phage P74-26]"", ""organism"": ""Thermus phage P74-26"", ""taxonId"": 2914007, ""sequence_length"": 560, ""create_date"": ""2007/09/14"", ""update_date"": ""2023/01/11"", ""dbsource"": ""refseq"", ""extra"": ""gi|157265514|ref|YP_001468072.1|"", ""host"": ""Thermus thermophilus""}",Thermus thermophilus,species,The metadata explicitly states the 'host' as 'Thermus thermophilus'.,,metadata,True,thermophile,,,,,False,,"{'mesophile': 0, 'thermophile': 6, 'psychrophile': 0, 'none': 0}",data/accessions/YP_001468072/reasoning/reasoning.txt,data/accessions/YP_001468072/library/accession_lit,0,data/accessions/YP_001468072/library/host_lit,5,,,150.00000000000003,end,"[""CreateAccessionLibrary"", ""ClassifyHostMetadata"", ""CreateHostLibrary"", ""ClassifyThermalMetadataVote"", ""ClassifyThermalLiteratureVotes"", ""ClassifyThermalRangeHostLiterature"", ""ClassifyThermalForcedVote""]","{""CreateAccessionLibrary"": 5.55, ""ClassifyHostMetadata"": 2.07, ""ClassifyThermalMetadataVote"": 2.85, ""ClassifyThermalLiteratureVotes"": 0.01, ""ClassifyThermalRangeHostLiterature"": 121.9, ""ClassifyThermalForcedVote"": 3.33}",False
gemma4:e4b,YP_001285862,Geobacillus virus E2,"{""uid"": ""148747783"", ""accession"": ""YP_001285862"", ""title"": ""thymidylate synthase [Geobacillus virus E2]"", ""organism"": ""Geobacillus virus E2"", ""taxonId"": 447909, ""sequence_length"": 264, ""create_date"": ""2007/06/11"", ""update_date"": ""2023/01/08"", ""dbsource"": ""refseq"", ""extra"": ""gi|148747783|ref|YP_001285862.1|"", ""host"": ""Geobacillus"", ""country"": ""China"", ""isolation_source"": ""deep-sea hydrothermal field""}",Geobacillus,genus,The metadata explicitly contains the key 'host' with the value 'Geobacillus'.,,metadata,True,thermophile,,,,,False,,"{'mesophile': 0, 'thermophile': 5, 'psychrophile': 0, 'none': 0}",data/accessions/YP_001285862/reasoning/reasoning.txt,data/accessions/YP_001285862/library/accession_lit,1,data/accessions/YP_001285862/library/host_lit,5,,,228.56,end,"[""CreateAccessionLibrary"", ""ClassifyHostMetadata"", ""CreateHostLibrary"", ""ClassifyThermalMetadataVote"", ""ClassifyThermalLiteratureVotes"", ""ClassifyThermalRangeHostLiterature"", ""ClassifyThermalForcedVote""]","{""CreateAccessionLibrary"": 5.05, ""ClassifyHostMetadata"": 2.04, ""ClassifyThermalMetadataVote"": 2.43, ""ClassifyThermalLiteratureVotes"": 2.94, ""ClassifyThermalRangeHostLiterature"": 194.46, ""ClassifyThermalForcedVote"": 2.75}",False
gemma4:e4b,BFP65619,Geobacillus kaustophilus,"{""uid"": ""2784636822"", ""accession"": ""BFP65619"", ""title"": ""2-oxo acid dehydrogenase subunit E2 [Geobacillus kaustophilus]"", ""organism"": ""Geobacillus kaustophilus"", ""taxonId"": 1462, ""sequence_length"": 268, ""create_date"": ""2024/08/08"", ""update_date"": ""2026/02/04"", ""dbsource"": ""insd"", ""extra"": ""gi|2784636822|dbj|BFP65619.1|"", ""strain"": ""GBlys"", ""country"": ""missing: lab stock"", ""collection_date"": ""2023-05-19""}",Geobacillus kaustophilus,species,"The abstract states: ""Geobacillus kaustophilus GBlys is a lysogenic strain of the temperate phage phiOH2"". The announcement section further clarifies: ""The thermophilic bacterium Geobacillus kaustophilus GBlys is a strain lysogenized by the temperate phage phiOH2 of the type strain of this species, G. kaustophilus NBRC 102445T (1)"". This explicitly links the phage to the bacterium *Geobacillus kaustophilus*.",,literature,True,thermophile,,,,,False,,"{'mesophile': 1, 'thermophile': 5, 'psychrophile': 0, 'none': 1}",data/accessions/BFP65619/reasoning/reasoning.txt,data/accessions/BFP65619/library/accession_lit,1,data/accessions/BFP65619/library/host_lit,5,PMC11737034.1.txt,,144.26999999999998,end,"[""CreateAccessionLibrary"", ""ClassifyHostMetadata"", ""ClassifyHostLiterature"", ""CreateHostLibrary"", ""ClassifyThermalMetadataVote"", ""ClassifyThermalLiteratureVotes"", ""ClassifyThermalRangeHostLiterature"", ""ClassifyThermalForcedVote""]","{""CreateAccessionLibrary"": 10.02, ""ClassifyHostMetadata"": 2.27, ""ClassifyHostLiterature"": 7.27, ""ClassifyThermalMetadataVote"": 2.51, ""ClassifyThermalLiteratureVotes"": 6.41, ""ClassifyThermalRangeHostLiterature"": 100.34, ""ClassifyThermalForcedVote"": 4.38}",False
gemma4:e4b,YP_001285822,Geobacillus virus E2,"{""uid"": ""148747744"", ""accession"": ""YP_001285822"", ""title"": ""tail family protein [Geobacillus virus E2]"", ""organism"": ""Geobacillus virus E2"", ""taxonId"": 447909, ""sequence_length"": 268, ""create_date"": ""2007/06/11"", ""update_date"": ""2023/01/08"", ""dbsource"": ""refseq"", ""extra"": ""gi|148747744|ref|YP_001285822.1|"", ""host"": ""Geobacillus"", ""country"": ""China"", ""isolation_source"": ""deep-sea hydrothermal field""}",Geobacillus,genus,The metadata explicitly contains the key 'host' with the value 'Geobacillus'.,,metadata,True,thermophile,,,,,False,,"{'mesophile': 0, 'thermophile': 5, 'psychrophile': 0, 'none': 0}",data/accessions/YP_001285822/reasoning/reasoning.txt,data/accessions/YP_001285822/library/accession_lit,1,data/accessions/YP_001285822/library/host_lit,5,,,239.42000000000002,end,"[""CreateAccessionLibrary"", ""ClassifyHostMetadata"", ""CreateHostLibrary"", ""ClassifyThermalMetadataVote"", ""ClassifyThermalLiteratureVotes"", ""ClassifyThermalRangeHostLiterature"", ""ClassifyThermalForcedVote""]","{""CreateAccessionLibrary"": 16.16, ""ClassifyHostMetadata"": 2.01, ""ClassifyThermalMetadataVote"": 2.37, ""ClassifyThermalLiteratureVotes"": 3.0, ""ClassifyThermalRangeHostLiterature"": 194.34, ""ClassifyThermalForcedVote"": 2.71}",False
gemma4:e4b,ABI36835,Geobacillus virus E2,"{""uid"": ""113715686"", ""accession"": ""ABI36835"", ""title"": ""hypothetical protein [Geobacillus virus E2]"", ""organism"": ""Geobacillus virus E2"", ""taxonId"": 447909, ""sequence_length"": 268, ""create_date"": ""2007/06/01"", ""update_date"": ""2008/08/18"", ""dbsource"": ""insd"", ""extra"": ""gi|113715686|gb|ABI36835.1|"", ""host"": ""Geobacillus"", ""country"": ""China"", ""isolation_source"": ""deep-sea hydrothermal field""}",Geobacillus,genus,The metadata explicitly contains the key 'host' with the value 'Geobacillus'.,,metadata,True,thermophile,,,,,False,,"{'mesophile': 0, 'thermophile': 5, 'psychrophile': 0, 'none': 0}",data/accessions/ABI36835/reasoning/reasoning.txt,data/accessions/ABI36835/library/accession_lit,1,data/accessions/ABI36835/library/host_lit,5,,,228.48000000000002,end,"[""CreateAccessionLibrary"", ""ClassifyHostMetadata"", ""CreateHostLibrary"", ""ClassifyThermalMetadataVote"", ""ClassifyThermalLiteratureVotes"", ""ClassifyThermalRangeHostLiterature"", ""ClassifyThermalForcedVote""]","{""CreateAccessionLibrary"": 6.23, ""ClassifyHostMetadata"": 1.94, ""ClassifyThermalMetadataVote"": 2.34, ""ClassifyThermalLiteratureVotes"": 3.0, ""ClassifyThermalRangeHostLiterature"": 193.27, ""ClassifyThermalForcedVote"": 2.71}",False
gemma4:e4b,NP_835728,Rhodothermus phage RM378,"{""uid"": ""30044131"", ""accession"": ""NP_835728"", ""title"": ""similar to major head protein [Rhodothermus phage RM378]"", ""organism"": ""Rhodothermus phage RM378"", ""taxonId"": 148943, ""sequence_length"": 523, ""create_date"": ""2003/04/22"", ""update_date"": ""2023/01/08"", ""dbsource"": ""refseq"", ""extra"": ""gi|30044131|gnl|REF_NCBI_MICRO|phiN315_141|ref|NP_835728.1|"", ""host"": ""Rhodothermus marinus"", ""old_name"": ""Bacteriophage RM 378""}",Rhodothermus marinus,species,The metadata explicitly contains the key 'host' with the value 'Rhodothermus marinus'.,,metadata,True,thermophile,,,,,False,,"{'mesophile': 0, 'thermophile': 5, 'psychrophile': 0, 'none': 1}",data/accessions/NP_835728/reasoning/reasoning.txt,data/accessions/NP_835728/library/accession_lit,2,data/accessions/NP_835728/library/host_lit,5,,,48.239999999999995,end,"[""CreateAccessionLibrary"", ""ClassifyHostMetadata"", ""CreateHostLibrary"", ""ClassifyThermalMetadataVote"", ""ClassifyThermalLiteratureVotes"", ""ClassifyThermalRangeHostLiterature"", ""ClassifyThermalForcedVote""]","{""CreateAccessionLibrary"": 10.9, ""ClassifyHostMetadata"": 2.14, ""ClassifyThermalMetadataVote"": 2.79, ""ClassifyThermalLiteratureVotes"": 7.27, ""ClassifyThermalRangeHostLiterature"": 12.58, ""ClassifyThermalForcedVote"": 4.23}",False
gemma4:e4b,NP_835725,Rhodothermus phage RM378,"{""uid"": ""30044128"", ""accession"": ""NP_835725"", ""title"": ""ATPase [Rhodothermus phage RM378]"", ""organism"": ""Rhodothermus phage RM378"", ""taxonId"": 148943, ""sequence_length"": 381, ""create_date"": ""2003/04/22"", ""update_date"": ""2023/01/08"", ""dbsource"": ""refseq"", ""extra"": ""gi|30044128|gnl|REF_NCBI_MICRO|phiN315_138|ref|NP_835725.1|"", ""host"": ""Rhodothermus marinus"", ""old_name"": ""Bacteriophage RM 378""}",Rhodothermus marinus,species,The metadata explicitly contains the key 'host' with the value 'Rhodothermus marinus'.,,metadata,True,thermophile,,,,,False,,"{'mesophile': 0, 'thermophile': 6, 'psychrophile': 0, 'none': 0}",data/accessions/NP_835725/reasoning/reasoning.txt,data/accessions/NP_835725/library/accession_lit,2,data/accessions/NP_835725/library/host_lit,5,,,56.16,end,"[""CreateAccessionLibrary"", ""ClassifyHostMetadata"", ""CreateHostLibrary"", ""ClassifyThermalMetadataVote"", ""ClassifyThermalLiteratureVotes"", ""ClassifyThermalRangeHostLiterature"", ""ClassifyThermalForcedVote""]","{""CreateAccessionLibrary"": 18.95, ""ClassifyHostMetadata"": 2.14, ""ClassifyThermalMetadataVote"": 2.77, ""ClassifyThermalLiteratureVotes"": 7.27, ""ClassifyThermalRangeHostLiterature"": 12.26, ""ClassifyThermalForcedVote"": 4.37}",False
gemma4:e4b,YP_001210360,Acidianus bottle-shaped virus,"{""uid"": ""146411867"", ""accession"": ""YP_001210360"", ""title"": ""hypothetical protein ABV_gp56 [Acidianus bottle-shaped virus]"", ""organism"": ""Acidianus bottle-shaped virus"", ""taxonId"": 437444, ""sequence_length"": 133, ""create_date"": ""2007/05/11"", ""update_date"": ""2023/01/08"", ""dbsource"": ""refseq"", ""extra"": ""gi|146411867|ref|YP_001210360.1|"", ""host"": ""Acidianus convivator"", ""country"": ""Italy: Pozzuoli"", ""isolation_source"": ""hot acidic (93degC, pH1.5) spring""}",Acidianus convivator,species,The metadata explicitly states 'host': 'Acidianus convivator'.,,metadata,True,thermophile,,,,,False,,"{'mesophile': 0, 'thermophile': 7, 'psychrophile': 0, 'none': 0}",data/accessions/YP_001210360/reasoning/reasoning.txt,data/accessions/YP_001210360/library/accession_lit,1,data/accessions/YP_001210360/library/host_lit,5,,,181.52,end,"[""CreateAccessionLibrary"", ""ClassifyHostMetadata"", ""CreateHostLibrary"", ""ClassifyThermalMetadataVote"", ""ClassifyThermalLiteratureVotes"", ""ClassifyThermalRangeHostLiterature"", ""ClassifyThermalForcedVote""]","{""CreateAccessionLibrary"": 5.8, ""ClassifyHostMetadata"": 1.96, ""ClassifyThermalMetadataVote"": 2.36, ""ClassifyThermalLiteratureVotes"": 3.28, ""ClassifyThermalRangeHostLiterature"": 151.55, ""ClassifyThermalForcedVote"": 2.73}",False
gemma4:e4b,YP_015542,Pyrobaculum spherical virus,"{""uid"": ""47131176"", ""accession"": ""YP_015542"", ""title"": ""hypothetical protein PyrSV_gp21 [Pyrobaculum spherical virus]"", ""organism"": ""Pyrobaculum spherical virus"", ""taxonId"": 270161, ""sequence_length"": 316, ""create_date"": ""2004/05/12"", ""update_date"": ""2023/01/08"", ""dbsource"": ""refseq"", ""extra"": ""gi|47131176|ref|YP_015542.1|"", ""host"": ""Thermoproteus tenax""}",Thermoproteus tenax,species,The metadata explicitly states 'host': 'Thermoproteus tenax'.,,metadata,True,thermophile,,,,,False,,"{'mesophile': 0, 'thermophile': 5, 'psychrophile': 0, 'none': 0}",data/accessions/YP_015542/reasoning/reasoning.txt,data/accessions/YP_015542/library/accession_lit,1,data/accessions/YP_015542/library/host_lit,4,,,125.52999999999999,end,"[""CreateAccessionLibrary"", ""ClassifyHostMetadata"", ""CreateHostLibrary"", ""ClassifyThermalMetadataVote"", ""ClassifyThermalLiteratureVotes"", ""ClassifyThermalRangeHostLiterature"", ""ClassifyThermalForcedVote""]","{""CreateAccessionLibrary"": 6.59, ""ClassifyHostMetadata"": 1.98, ""ClassifyThermalMetadataVote"": 2.73, ""ClassifyThermalLiteratureVotes"": 3.06, ""ClassifyThermalRangeHostLiterature"": 92.49, ""ClassifyThermalForcedVote"": 3.8}",False
gemma4:e4b,YP_001468067,Thermus phage P74-26,"{""uid"": ""157265509"", ""accession"": ""YP_001468067"", ""title"": ""lectin-like sugar binding domain [Thermus phage P74-26]"", ""organism"": ""Thermus phage P74-26"", ""taxonId"": 2914007, ""sequence_length"": 227, ""create_date"": ""2007/09/14"", ""update_date"": ""2023/01/11"", ""dbsource"": ""refseq"", ""extra"": ""gi|157265509|ref|YP_001468067.1|"", ""host"": ""Thermus thermophilus""}",Thermus thermophilus,species,The metadata explicitly states 'host': 'Thermus thermophilus'.,,metadata,True,thermophile,,,,,False,,"{'mesophile': 0, 'thermophile': 6, 'psychrophile': 0, 'none': 0}",data/accessions/YP_001468067/reasoning/reasoning.txt,data/accessions/YP_001468067/library/accession_lit,0,data/accessions/YP_001468067/library/host_lit,5,,,148.70000000000002,end,"[""CreateAccessionLibrary"", ""ClassifyHostMetadata"", ""CreateHostLibrary"", ""ClassifyThermalMetadataVote"", ""ClassifyThermalLiteratureVotes"", ""ClassifyThermalRangeHostLiterature"", ""ClassifyThermalForcedVote""]","{""CreateAccessionLibrary"": 10.26, ""ClassifyHostMetadata"": 1.99, ""ClassifyThermalMetadataVote"": 3.0, ""ClassifyThermalLiteratureVotes"": 0.01, ""ClassifyThermalRangeHostLiterature"": 116.38, ""ClassifyThermalForcedVote"": 3.05}",False
gemma4:e4b,YP_009509140,Thermoproteus tenax virus 1,"{""uid"": ""1464311425"", ""accession"": ""YP_009509140"", ""title"": ""hypothetical protein D1T48_gp24 [Thermoproteus tenax virus 1]"", ""organism"": ""Thermoproteus tenax virus 1"", ""taxonId"": 10479, ""sequence_length"": 232, ""create_date"": ""2018/08/24"", ""update_date"": ""2023/01/07"", ""dbsource"": ""refseq"", ""extra"": ""gi|1464311425|ref|YP_009509140.1|"", ""strain"": ""KRA1""}",Thermoproteus tenax,species,"The text states, ""Three structural proteins, TP1, TP2 and TP3, of the virus TTV1 of the thermophilic archaebacterium Thermoproteus tenax strain Kra1 were mapped...""",,literature,True,thermophile,,,,,False,,"{'mesophile': 0, 'thermophile': 6, 'psychrophile': 0, 'none': 0}",data/accessions/YP_009509140/reasoning/reasoning.txt,data/accessions/YP_009509140/library/accession_lit,1,data/accessions/YP_009509140/library/host_lit,4,2505050.txt,,126.81,end,"[""CreateAccessionLibrary"", ""ClassifyHostMetadata"", ""ClassifyHostLiterature"", ""CreateHostLibrary"", ""ClassifyThermalMetadataVote"", ""ClassifyThermalLiteratureVotes"", ""ClassifyThermalRangeHostLiterature"", ""ClassifyThermalForcedVote""]","{""CreateAccessionLibrary"": 6.05, ""ClassifyHostMetadata"": 2.22, ""ClassifyHostLiterature"": 2.59, ""ClassifyThermalMetadataVote"": 2.73, ""ClassifyThermalLiteratureVotes"": 3.29, ""ClassifyThermalRangeHostLiterature"": 91.38, ""ClassifyThermalForcedVote"": 3.23}",False
gemma4:e4b,YP_009509134,Thermoproteus tenax virus 1,"{""uid"": ""1464311419"", ""accession"": ""YP_009509134"", ""title"": ""hypothetical protein D1T48_gp18 [Thermoproteus tenax virus 1]"", ""organism"": ""Thermoproteus tenax virus 1"", ""taxonId"": 10479, ""sequence_length"": 143, ""create_date"": ""2018/08/24"", ""update_date"": ""2023/01/07"", ""dbsource"": ""refseq"", ""extra"": ""gi|1464311419|ref|YP_009509134.1|"", ""strain"": ""KRA1""}",Thermoproteus tenax,species,"The text states, ""Three structural proteins, TP1, TP2 and TP3, of the virus TTV1 of the thermophilic archaebacterium Thermoproteus tenax strain Kra1 were mapped...""",,literature,True,thermophile,,,,,False,,"{'mesophile': 0, 'thermophile': 6, 'psychrophile': 0, 'none': 0}",data/accessions/YP_009509134/reasoning/reasoning.txt,data/accessions/YP_009509134/library/accession_lit,1,data/accessions/YP_009509134/library/host_lit,4,2505050.txt,,124.78,end,"[""CreateAccessionLibrary"", ""ClassifyHostMetadata"", ""ClassifyHostLiterature"", ""CreateHostLibrary"", ""ClassifyThermalMetadataVote"", ""ClassifyThermalLiteratureVotes"", ""ClassifyThermalRangeHostLiterature"", ""ClassifyThermalForcedVote""]","{""CreateAccessionLibrary"": 4.65, ""ClassifyHostMetadata"": 2.26, ""ClassifyHostLiterature"": 2.56, ""ClassifyThermalMetadataVote"": 2.85, ""ClassifyThermalLiteratureVotes"": 3.27, ""ClassifyThermalRangeHostLiterature"": 91.24, ""ClassifyThermalForcedVote"": 3.29}",False
gemma4:e4b,XJP07760,Pseudoalteromonas phage vB_Psp_PY6,"{""uid"": ""2843361417"", ""accession"": ""XJP07760"", ""title"": ""terminase large subunit [Pseudoalteromonas phage vB_Psp_PY6]"", ""organism"": ""Pseudoalteromonas phage vB_Psp_PY6"", ""taxonId"": 3374930, ""sequence_length"": 660, ""create_date"": ""2025/05/15"", ""update_date"": ""2025/05/15"", ""dbsource"": ""insd"", ""extra"": ""gi|2843361417|gb|XJP07760.1|"", ""host"": ""Pseudoalteromonas sp. YM19"", ""isolation_source"": ""seawater"", ""collection_date"": ""2023""}",Pseudoalteromonas sp. YM19,strain,The metadata explicitly states the 'host' as 'Pseudoalteromonas sp. YM19'.,,metadata,True,mesophile,,,,,False,,"{'mesophile': 1, 'thermophile': 0, 'psychrophile': 0, 'none': 1}",data/accessions/XJP07760/reasoning/reasoning.txt,data/accessions/XJP07760/library/accession_lit,0,data/accessions/XJP07760/library/host_lit,0,,,14.77,end,"[""CreateAccessionLibrary"", ""ClassifyHostMetadata"", ""CreateHostLibrary"", ""ClassifyThermalMetadataVote"", ""ClassifyThermalLiteratureVotes"", ""ClassifyThermalRangeHostLiterature"", ""ClassifyThermalForcedVote""]","{""CreateAccessionLibrary"": 5.0, ""ClassifyHostMetadata"": 2.19, ""ClassifyThermalMetadataVote"": 2.33, ""ClassifyThermalLiteratureVotes"": 0.01, ""ClassifyThermalRangeHostLiterature"": 0.01, ""ClassifyThermalForcedVote"": 4.47}",False
gemma4:e4b,WMT83805,Pseudoalteromonas phage proACA1-A,"{""uid"": ""2574021459"", ""accession"": ""WMT83805"", ""title"": ""integrase [Pseudoalteromonas phage proACA1-A]"", ""organism"": ""Pseudoalteromonas phage proACA1-A"", ""taxonId"": 3073886, ""sequence_length"": 357, ""create_date"": ""2023/09/11"", ""update_date"": ""2023/09/11"", ""dbsource"": ""insd"", ""extra"": ""gi|2574021459|gb|WMT83805.1|"", ""host"": ""Pseudoalteromonas elyakovii HL-AS1"", ""isolation_source"": ""arctic sediment"", ""lat_lon"": ""73.640000 N 166.510000 W""}",Pseudoalteromonas elyakovii HL-AS1,strain,The metadata explicitly lists the 'host' as 'Pseudoalteromonas elyakovii HL-AS1'.,,metadata,True,psychrophile,,,,,False,,"{'mesophile': 1, 'thermophile': 0, 'psychrophile': 2, 'none': 0}",data/accessions/WMT83805/reasoning/reasoning.txt,data/accessions/WMT83805/library/accession_lit,5,data/accessions/WMT83805/library/host_lit,5,,,243.28,end,"[""CreateAccessionLibrary"", ""ClassifyHostMetadata"", ""CreateHostLibrary"", ""ClassifyThermalMetadataVote"", ""ClassifyThermalLiteratureVotes"", ""ClassifyThermalRangeHostLiterature"", ""ClassifyThermalForcedVote""]","{""CreateAccessionLibrary"": 24.81, ""ClassifyHostMetadata"": 2.26, ""ClassifyThermalMetadataVote"": 2.51, ""ClassifyThermalLiteratureVotes"": 119.48, ""ClassifyThermalRangeHostLiterature"": 79.09, ""ClassifyThermalForcedVote"": 3.98}",False
gemma4:e4b,YP_009790355,Shewanella phage SppYZU05,"{""uid"": ""1842002771"", ""accession"": ""YP_009790355"", ""title"": ""tail fiber protein [Shewanella phage SppYZU05]"", ""organism"": ""Shewanella phage SppYZU05"", ""taxonId"": 1970795, ""sequence_length"": 746, ""create_date"": ""2020/05/15"", ""update_date"": ""2023/01/09"", ""dbsource"": ""refseq"", ""extra"": ""gi|1842002771|ref|YP_009790355.1|"", ""lab_host"": ""Shewanella putrefaciens"", ""isolation_source"": ""sewage""}",Shewanella putrefaciens,species,"The metadata contains the key 'lab_host' with the value 'Shewanella putrefaciens', which explicitly states the host organism.",,metadata,True,mesophile,,,,,False,,"{'mesophile': 4, 'thermophile': 0, 'psychrophile': 0, 'none': 0}",data/accessions/YP_009790355/reasoning/reasoning.txt,data/accessions/YP_009790355/library/accession_lit,1,data/accessions/YP_009790355/library/host_lit,5,,,89.46000000000001,end,"[""CreateAccessionLibrary"", ""ClassifyHostMetadata"", ""CreateHostLibrary"", ""ClassifyThermalMetadataVote"", ""ClassifyThermalLiteratureVotes"", ""ClassifyThermalRangeHostLiterature"", ""ClassifyThermalForcedVote""]","{""CreateAccessionLibrary"": 4.4, ""ClassifyHostMetadata"": 2.56, ""ClassifyThermalMetadataVote"": 2.81, ""ClassifyThermalLiteratureVotes"": 5.23, ""ClassifyThermalRangeHostLiterature"": 55.34, ""ClassifyThermalForcedVote"": 4.53}",False
gemma4:e4b,YP_006489335,Colwellia phage 9A,"{""uid"": ""392973378"", ""accession"": ""YP_006489335"", ""title"": ""hypothetical protein COPG_00149, partial [Colwellia phage 9A]"", ""organism"": ""Colwellia phage 9A"", ""taxonId"": 765765, ""sequence_length"": 99, ""create_date"": ""2012/06/27"", ""update_date"": ""2023/01/08"", ""dbsource"": ""refseq"", ""extra"": ""gi|392973378|gnl|REF_CAMERA-phage|COPG_00149T0|ref|YP_006489335.1|"", ""strain"": ""9A"", ""lab_host"": ""Colwellia psychrerythaea strain 34H"", ""collection_date"": ""10-Dec-2002""}",Colwellia psychrerythaea strain 34H,strain,The metadata explicitly lists 'lab_host' as 'Colwellia psychrerythaea strain 34H'.,,metadata,True,psychrophile,,,,,False,,"{'mesophile': 1, 'thermophile': 0, 'psychrophile': 6, 'none': 0}",data/accessions/YP_006489335/reasoning/reasoning.txt,data/accessions/YP_006489335/library/accession_lit,1,data/accessions/YP_006489335/library/host_lit,5,,,219.84,end,"[""CreateAccessionLibrary"", ""ClassifyHostMetadata"", ""CreateHostLibrary"", ""ClassifyThermalMetadataVote"", ""ClassifyThermalLiteratureVotes"", ""ClassifyThermalRangeHostLiterature"", ""ClassifyThermalForcedVote""]","{""CreateAccessionLibrary"": 7.84, ""ClassifyHostMetadata"": 2.42, ""ClassifyThermalMetadataVote"": 2.92, ""ClassifyThermalLiteratureVotes"": 3.93, ""ClassifyThermalRangeHostLiterature"": 180.03, ""ClassifyThermalForcedVote"": 3.87}",False
gemma4:e4b,YP_009209738,Polaribacter phage P12002L,"{""uid"": ""971756086"", ""accession"": ""YP_009209738"", ""title"": ""hypothetical protein AVT43_gp78 [Polaribacter phage P12002L]"", ""organism"": ""Polaribacter phage P12002L"", ""taxonId"": 1647386, ""sequence_length"": 109, ""create_date"": ""2016/01/05"", ""update_date"": ""2023/01/08"", ""dbsource"": ""refseq"", ""extra"": ""gi|971756086|gnl|REF_P12002L|P12002L_0078|ref|YP_009209738.1|"", ""old_name"": ""Polaribacter bacteriophage P12002L"", ""country"": ""South Korea"", ""isolation_source"": ""seawater""}", Polaribacter sp. strain IMCC12002,strain,"The text explicitly states: ""Here, we describe the isolation and genome sequencing of two lytic siphophages, P12002L and P12002S, that infect Polaribacter sp. strain IMCC12002."" Additionally, under the 'Virus information' section, it states: ""P12002L and P12002S are lytic phages that infect the bacterial strain Polaribacter sp. IMCC12002."" And in the 'Conclusion' section: ""P12002L and P12002S, two lytic siphophages isolated from coastal seawater of Korea, infect Polaribacter sp. strain IMCC12002...""",,literature,True,none,,,,,False,,"{'mesophile': 1, 'thermophile': 0, 'psychrophile': 0, 'none': 3}",data/accessions/YP_009209738/reasoning/reasoning.txt,data/accessions/YP_009209738/library/accession_lit,1,data/accessions/YP_009209738/library/host_lit,1,PMC4615864.1.txt,,69.46000000000001,end,"[""CreateAccessionLibrary"", ""ClassifyHostMetadata"", ""ClassifyHostLiterature"", ""CreateHostLibrary"", ""ClassifyThermalMetadataVote"", ""ClassifyThermalLiteratureVotes"", ""ClassifyThermalRangeHostLiterature"", ""ClassifyThermalForcedVote""]","{""CreateAccessionLibrary"": 10.65, ""ClassifyHostMetadata"": 2.34, ""ClassifyHostLiterature"": 18.81, ""ClassifyThermalMetadataVote"": 2.41, ""ClassifyThermalLiteratureVotes"": 18.76, ""ClassifyThermalRangeHostLiterature"": 4.06, ""ClassifyThermalForcedVote"": 5.03}",False
gemma4:e4b,WMT83702,Pseudoalteromonas phage ACA1,"{""uid"": ""2574021352"", ""accession"": ""WMT83702"", ""title"": ""integrase [Pseudoalteromonas phage ACA1]"", ""organism"": ""Pseudoalteromonas phage ACA1"", ""taxonId"": 3073884, ""sequence_length"": 357, ""create_date"": ""2023/09/11"", ""update_date"": ""2023/09/11"", ""dbsource"": ""insd"", ""extra"": ""gi|2574021352|gb|WMT83702.1|"", ""host"": ""Pseudoalteromonas elyakovii HL-AS1"", ""isolation_source"": ""arctic sediment"", ""lat_lon"": ""74.300000 N 167.650000 W""}",Pseudoalteromonas elyakovii HL-AS1,strain,The metadata explicitly states the 'host' as 'Pseudoalteromonas elyakovii HL-AS1'.,,metadata,True,psychrophile,,,,,False,,"{'mesophile': 1, 'thermophile': 0, 'psychrophile': 3, 'none': 0}",data/accessions/WMT83702/reasoning/reasoning.txt,data/accessions/WMT83702/library/accession_lit,1,data/accessions/WMT83702/library/host_lit,5,,,144.79000000000002,end,"[""CreateAccessionLibrary"", ""ClassifyHostMetadata"", ""CreateHostLibrary"", ""ClassifyThermalMetadataVote"", ""ClassifyThermalLiteratureVotes"", ""ClassifyThermalRangeHostLiterature"", ""ClassifyThermalForcedVote""]","{""CreateAccessionLibrary"": 14.89, ""ClassifyHostMetadata"": 2.22, ""ClassifyThermalMetadataVote"": 2.42, ""ClassifyThermalLiteratureVotes"": 35.59, ""ClassifyThermalRangeHostLiterature"": 75.63, ""ClassifyThermalForcedVote"": 3.36}",False
gemma4:e4b,WMT83700,Pseudoalteromonas phage ACA1,"{""uid"": ""2574021350"", ""accession"": ""WMT83700"", ""title"": ""cell puncturing device [Pseudoalteromonas phage ACA1]"", ""organism"": ""Pseudoalteromonas phage ACA1"", ""taxonId"": 3073884, ""sequence_length"": 317, ""create_date"": ""2023/09/11"", ""update_date"": ""2023/09/11"", ""dbsource"": ""insd"", ""extra"": ""gi|2574021350|gb|WMT83700.1|"", ""host"": ""Pseudoalteromonas elyakovii HL-AS1"", ""isolation_source"": ""arctic sediment"", ""lat_lon"": ""74.300000 N 167.650000 W""}",Pseudoalteromonas elyakovii HL-AS1,strain,The metadata explicitly lists the 'host' as 'Pseudoalteromonas elyakovii HL-AS1'.,,metadata,True,psychrophile,,,,,False,,"{'mesophile': 1, 'thermophile': 0, 'psychrophile': 3, 'none': 0}",data/accessions/WMT83700/reasoning/reasoning.txt,data/accessions/WMT83700/library/accession_lit,1,data/accessions/WMT83700/library/host_lit,5,,,143.32,end,"[""CreateAccessionLibrary"", ""ClassifyHostMetadata"", ""CreateHostLibrary"", ""ClassifyThermalMetadataVote"", ""ClassifyThermalLiteratureVotes"", ""ClassifyThermalRangeHostLiterature"", ""ClassifyThermalForcedVote""]","{""CreateAccessionLibrary"": 9.45, ""ClassifyHostMetadata"": 2.26, ""ClassifyThermalMetadataVote"": 2.47, ""ClassifyThermalLiteratureVotes"": 35.6, ""ClassifyThermalRangeHostLiterature"": 77.71, ""ClassifyThermalForcedVote"": 3.82}",False
gemma4:e4b,YP_009790354,Shewanella phage SppYZU05,"{""uid"": ""1842002770"", ""accession"": ""YP_009790354"", ""title"": ""hypothetical protein HOR75_gp68 [Shewanella phage SppYZU05]"", ""organism"": ""Shewanella phage SppYZU05"", ""taxonId"": 1970795, ""sequence_length"": 134, ""create_date"": ""2020/05/15"", ""update_date"": ""2023/01/09"", ""dbsource"": ""refseq"", ""extra"": ""gi|1842002770|ref|YP_009790354.1|"", ""lab_host"": ""Shewanella putrefaciens"", ""isolation_source"": ""sewage""}",Shewanella putrefaciens,species,"The metadata contains the key 'lab_host' with the value 'Shewanella putrefaciens', which explicitly states the host organism.",,metadata,True,mesophile,,,,,False,,"{'mesophile': 4, 'thermophile': 0, 'psychrophile': 0, 'none': 0}",data/accessions/YP_009790354/reasoning/reasoning.txt,data/accessions/YP_009790354/library/accession_lit,1,data/accessions/YP_009790354/library/host_lit,5,,,88.7,end,"[""CreateAccessionLibrary"", ""ClassifyHostMetadata"", ""CreateHostLibrary"", ""ClassifyThermalMetadataVote"", ""ClassifyThermalLiteratureVotes"", ""ClassifyThermalRangeHostLiterature"", ""ClassifyThermalForcedVote""]","{""CreateAccessionLibrary"": 3.53, ""ClassifyHostMetadata"": 2.37, ""ClassifyThermalMetadataVote"": 2.59, ""ClassifyThermalLiteratureVotes"": 5.15, ""ClassifyThermalRangeHostLiterature"": 56.69, ""ClassifyThermalForcedVote"": 4.3}",False
gemma4:e4b,YP_009790351,Shewanella phage SppYZU05,"{""uid"": ""1842002767"", ""accession"": ""YP_009790351"", ""title"": ""endolysin [Shewanella phage SppYZU05]"", ""organism"": ""Shewanella phage SppYZU05"", ""taxonId"": 1970795, ""sequence_length"": 122, ""create_date"": ""2020/05/15"", ""update_date"": ""2023/01/09"", ""dbsource"": ""refseq"", ""extra"": ""gi|1842002767|ref|YP_009790351.1|"", ""lab_host"": ""Shewanella putrefaciens"", ""isolation_source"": ""sewage""}",Shewanella putrefaciens,species,The metadata explicitly contains the key 'lab_host' with the value 'Shewanella putrefaciens'.,,metadata,True,mesophile,,,,,False,,"{'mesophile': 4, 'thermophile': 0, 'psychrophile': 0, 'none': 0}",data/accessions/YP_009790351/reasoning/reasoning.txt,data/accessions/YP_009790351/library/accession_lit,1,data/accessions/YP_009790351/library/host_lit,5,,,97.16999999999999,end,"[""CreateAccessionLibrary"", ""ClassifyHostMetadata"", ""CreateHostLibrary"", ""ClassifyThermalMetadataVote"", ""ClassifyThermalLiteratureVotes"", ""ClassifyThermalRangeHostLiterature"", ""ClassifyThermalForcedVote""]","{""CreateAccessionLibrary"": 11.73, ""ClassifyHostMetadata"": 2.23, ""ClassifyThermalMetadataVote"": 2.53, ""ClassifyThermalLiteratureVotes"": 5.05, ""ClassifyThermalRangeHostLiterature"": 56.94, ""ClassifyThermalForcedVote"": 4.66}",False
gemma4:e4b,YP_009790347,Shewanella phage SppYZU05,"{""uid"": ""1842002763"", ""accession"": ""YP_009790347"", ""title"": ""RNA polymerase [Shewanella phage SppYZU05]"", ""organism"": ""Shewanella phage SppYZU05"", ""taxonId"": 1970795, ""sequence_length"": 527, ""create_date"": ""2020/05/15"", ""update_date"": ""2023/01/09"", ""dbsource"": ""refseq"", ""extra"": ""gi|1842002763|ref|YP_009790347.1|"", ""lab_host"": ""Shewanella putrefaciens"", ""isolation_source"": ""sewage""}",Shewanella putrefaciens,species,"The metadata contains the key 'lab_host' with the value 'Shewanella putrefaciens', which explicitly states the host organism.",,metadata,True,mesophile,,,,,False,,"{'mesophile': 4, 'thermophile': 0, 'psychrophile': 0, 'none': 0}",data/accessions/YP_009790347/reasoning/reasoning.txt,data/accessions/YP_009790347/library/accession_lit,1,data/accessions/YP_009790347/library/host_lit,5,,,92.49000000000001,end,"[""CreateAccessionLibrary"", ""ClassifyHostMetadata"", ""CreateHostLibrary"", ""ClassifyThermalMetadataVote"", ""ClassifyThermalLiteratureVotes"", ""ClassifyThermalRangeHostLiterature"", ""ClassifyThermalForcedVote""]","{""CreateAccessionLibrary"": 6.15, ""ClassifyHostMetadata"": 2.38, ""ClassifyThermalMetadataVote"": 2.6, ""ClassifyThermalLiteratureVotes"": 5.15, ""ClassifyThermalRangeHostLiterature"": 56.94, ""ClassifyThermalForcedVote"": 5.03}",False
gemma4:e4b,YP_009790336,Shewanella phage SppYZU05,"{""uid"": ""1842002752"", ""accession"": ""YP_009790336"", ""title"": ""GTP binding protein [Shewanella phage SppYZU05]"", ""organism"": ""Shewanella phage SppYZU05"", ""taxonId"": 1970795, ""sequence_length"": 142, ""create_date"": ""2020/05/15"", ""update_date"": ""2023/01/09"", ""dbsource"": ""refseq"", ""extra"": ""gi|1842002752|ref|YP_009790336.1|"", ""lab_host"": ""Shewanella putrefaciens"", ""isolation_source"": ""sewage""}",Shewanella putrefaciens,species,"The metadata contains the key 'lab_host' with the value 'Shewanella putrefaciens', which explicitly states the host organism.",,metadata,True,mesophile,,,,,False,,"{'mesophile': 4, 'thermophile': 0, 'psychrophile': 0, 'none': 0}",data/accessions/YP_009790336/reasoning/reasoning.txt,data/accessions/YP_009790336/library/accession_lit,1,data/accessions/YP_009790336/library/host_lit,5,,,95.4,end,"[""CreateAccessionLibrary"", ""ClassifyHostMetadata"", ""CreateHostLibrary"", ""ClassifyThermalMetadataVote"", ""ClassifyThermalLiteratureVotes"", ""ClassifyThermalRangeHostLiterature"", ""ClassifyThermalForcedVote""]","{""CreateAccessionLibrary"": 5.78, ""ClassifyHostMetadata"": 2.37, ""ClassifyThermalMetadataVote"": 2.69, ""ClassifyThermalLiteratureVotes"": 5.3, ""ClassifyThermalRangeHostLiterature"": 59.74, ""ClassifyThermalForcedVote"": 5.08}",False
gemma4:e4b,YP_009008887,Shewanella phage Spp001,"{""uid"": ""589892517"", ""accession"": ""YP_009008887"", ""title"": ""tail fiber protein [Shewanella phage Spp001]"", ""organism"": ""Shewanella phage Spp001"", ""taxonId"": 1445859, ""sequence_length"": 1190, ""create_date"": ""2014/03/04"", ""update_date"": ""2023/01/08"", ""dbsource"": ""refseq"", ""extra"": ""gi|589892517|ref|YP_009008887.1|"", ""host"": ""Shewanella putrefaciens"", ""old_name"": ""Shewanella putrefaciens bacteriophage Spp001""}",Shewanella putrefaciens,species,The metadata explicitly states 'host': 'Shewanella putrefaciens'.,,metadata,True,mesophile,,,,,False,,"{'mesophile': 4, 'thermophile': 0, 'psychrophile': 0, 'none': 1}",data/accessions/YP_009008887/reasoning/reasoning.txt,data/accessions/YP_009008887/library/accession_lit,5,data/accessions/YP_009008887/library/host_lit,5,,,104.73,end,"[""CreateAccessionLibrary"", ""ClassifyHostMetadata"", ""CreateHostLibrary"", ""ClassifyThermalMetadataVote"", ""ClassifyThermalLiteratureVotes"", ""ClassifyThermalRangeHostLiterature"", ""ClassifyThermalForcedVote""]","{""CreateAccessionLibrary"": 9.55, ""ClassifyHostMetadata"": 2.2, ""ClassifyThermalMetadataVote"": 2.65, ""ClassifyThermalLiteratureVotes"": 18.06, ""ClassifyThermalRangeHostLiterature"": 54.95, ""ClassifyThermalForcedVote"": 3.59}",False
gemma4:e4b,YP_009008883,Shewanella phage Spp001,"{""uid"": ""589892513"", ""accession"": ""YP_009008883"", ""title"": ""endolysin [Shewanella phage Spp001]"", ""organism"": ""Shewanella phage Spp001"", ""taxonId"": 1445859, ""sequence_length"": 122, ""create_date"": ""2014/03/04"", ""update_date"": ""2023/01/08"", ""dbsource"": ""refseq"", ""extra"": ""gi|589892513|ref|YP_009008883.1|"", ""host"": ""Shewanella putrefaciens"", ""old_name"": ""Shewanella putrefaciens bacteriophage Spp001""}",Shewanella putrefaciens,species,The metadata explicitly states 'host': 'Shewanella putrefaciens'.,,metadata,True,mesophile,,,,,False,,"{'mesophile': 4, 'thermophile': 0, 'psychrophile': 0, 'none': 1}",data/accessions/YP_009008883/reasoning/reasoning.txt,data/accessions/YP_009008883/library/accession_lit,5,data/accessions/YP_009008883/library/host_lit,5,,,108.34,end,"[""CreateAccessionLibrary"", ""ClassifyHostMetadata"", ""CreateHostLibrary"", ""ClassifyThermalMetadataVote"", ""ClassifyThermalLiteratureVotes"", ""ClassifyThermalRangeHostLiterature"", ""ClassifyThermalForcedVote""]","{""CreateAccessionLibrary"": 10.46, ""ClassifyHostMetadata"": 2.13, ""ClassifyThermalMetadataVote"": 2.72, ""ClassifyThermalLiteratureVotes"": 18.13, ""ClassifyThermalRangeHostLiterature"": 56.28, ""ClassifyThermalForcedVote"": 3.62}",False
gemma4:e4b,YP_009008872,Shewanella phage Spp001,"{""uid"": ""589892503"", ""accession"": ""YP_009008872"", ""title"": ""GTP binding protein [Shewanella phage Spp001]"", ""organism"": ""Shewanella phage Spp001"", ""taxonId"": 1445859, ""sequence_length"": 142, ""create_date"": ""2014/03/04"", ""update_date"": ""2023/01/08"", ""dbsource"": ""refseq"", ""extra"": ""gi|589892503|ref|YP_009008872.1|"", ""host"": ""Shewanella putrefaciens"", ""old_name"": ""Shewanella putrefaciens bacteriophage Spp001""}",Shewanella putrefaciens,species,The metadata explicitly states 'host': 'Shewanella putrefaciens'.,,metadata,True,mesophile,,,,,False,,"{'mesophile': 4, 'thermophile': 0, 'psychrophile': 0, 'none': 1}",data/accessions/YP_009008872/reasoning/reasoning.txt,data/accessions/YP_009008872/library/accession_lit,5,data/accessions/YP_009008872/library/host_lit,5,,,108.81,end,"[""CreateAccessionLibrary"", ""ClassifyHostMetadata"", ""CreateHostLibrary"", ""ClassifyThermalMetadataVote"", ""ClassifyThermalLiteratureVotes"", ""ClassifyThermalRangeHostLiterature"", ""ClassifyThermalForcedVote""]","{""CreateAccessionLibrary"": 10.93, ""ClassifyHostMetadata"": 2.12, ""ClassifyThermalMetadataVote"": 2.61, ""ClassifyThermalLiteratureVotes"": 18.19, ""ClassifyThermalRangeHostLiterature"": 56.28, ""ClassifyThermalForcedVote"": 4.15}",False
gemma4:e4b,YP_006489330,Colwellia phage 9A,"{""uid"": ""392973373"", ""accession"": ""YP_006489330"", ""title"": ""hypothetical protein COPG_00144 [Colwellia phage 9A]"", ""organism"": ""Colwellia phage 9A"", ""taxonId"": 765765, ""sequence_length"": 81, ""create_date"": ""2012/06/27"", ""update_date"": ""2023/01/08"", ""dbsource"": ""refseq"", ""extra"": ""gi|392973373|gnl|REF_CAMERA-phage|COPG_00144T0|ref|YP_006489330.1|"", ""strain"": ""9A"", ""lab_host"": ""Colwellia psychrerythaea strain 34H"", ""collection_date"": ""10-Dec-2002""}",Colwellia psychrerythaea strain 34H,strain,The metadata explicitly lists 'lab_host' as 'Colwellia psychrerythaea strain 34H'.,,metadata,True,psychrophile,,,,,False,,"{'mesophile': 1, 'thermophile': 0, 'psychrophile': 6, 'none': 0}",data/accessions/YP_006489330/reasoning/reasoning.txt,data/accessions/YP_006489330/library/accession_lit,1,data/accessions/YP_006489330/library/host_lit,5,,,234.3,end,"[""CreateAccessionLibrary"", ""ClassifyHostMetadata"", ""CreateHostLibrary"", ""ClassifyThermalMetadataVote"", ""ClassifyThermalLiteratureVotes"", ""ClassifyThermalRangeHostLiterature"", ""ClassifyThermalForcedVote""]","{""CreateAccessionLibrary"": 10.78, ""ClassifyHostMetadata"": 2.44, ""ClassifyThermalMetadataVote"": 3.1, ""ClassifyThermalLiteratureVotes"": 4.08, ""ClassifyThermalRangeHostLiterature"": 190.34, ""ClassifyThermalForcedVote"": 3.53}",False
gemma4:e4b,YP_006489329,Colwellia phage 9A,"{""uid"": ""392973372"", ""accession"": ""YP_006489329"", ""title"": ""hypothetical protein COPG_00143 [Colwellia phage 9A]"", ""organism"": ""Colwellia phage 9A"", ""taxonId"": 765765, ""sequence_length"": 49, ""create_date"": ""2012/06/27"", ""update_date"": ""2023/01/08"", ""dbsource"": ""refseq"", ""extra"": ""gi|392973372|gnl|REF_CAMERA-phage|COPG_00143T0|ref|YP_006489329.1|"", ""strain"": ""9A"", ""lab_host"": ""Colwellia psychrerythaea strain 34H"", ""collection_date"": ""10-Dec-2002""}",Colwellia psychrerythaea strain 34H,strain,The metadata explicitly lists 'lab_host' as 'Colwellia psychrerythaea strain 34H'.,,metadata,True,psychrophile,,,,,False,,"{'mesophile': 1, 'thermophile': 0, 'psychrophile': 6, 'none': 0}",data/accessions/YP_006489329/reasoning/reasoning.txt,data/accessions/YP_006489329/library/accession_lit,1,data/accessions/YP_006489329/library/host_lit,5,,,221.42,end,"[""CreateAccessionLibrary"", ""ClassifyHostMetadata"", ""CreateHostLibrary"", ""ClassifyThermalMetadataVote"", ""ClassifyThermalLiteratureVotes"", ""ClassifyThermalRangeHostLiterature"", ""ClassifyThermalForcedVote""]","{""CreateAccessionLibrary"": 6.7, ""ClassifyHostMetadata"": 2.37, ""ClassifyThermalMetadataVote"": 2.99, ""ClassifyThermalLiteratureVotes"": 4.05, ""ClassifyThermalRangeHostLiterature"": 182.7, ""ClassifyThermalForcedVote"": 3.91}",False
gemma4:e4b,YP_006489332,Colwellia phage 9A,"{""uid"": ""392973375"", ""accession"": ""YP_006489332"", ""title"": ""hypothetical protein COPG_00146 [Colwellia phage 9A]"", ""organism"": ""Colwellia phage 9A"", ""taxonId"": 765765, ""sequence_length"": 170, ""create_date"": ""2012/06/27"", ""update_date"": ""2023/01/08"", ""dbsource"": ""refseq"", ""extra"": ""gi|392973375|gnl|REF_CAMERA-phage|COPG_00146T0|ref|YP_006489332.1|"", ""strain"": ""9A"", ""lab_host"": ""Colwellia psychrerythaea strain 34H"", ""collection_date"": ""10-Dec-2002""}",Colwellia psychrerythaea strain 34H,strain,The metadata explicitly states 'lab_host': 'Colwellia psychrerythaea strain 34H'.,,metadata,True,psychrophile,,,,,False,,"{'mesophile': 1, 'thermophile': 0, 'psychrophile': 6, 'none': 0}",data/accessions/YP_006489332/reasoning/reasoning.txt,data/accessions/YP_006489332/library/accession_lit,1,data/accessions/YP_006489332/library/host_lit,5,,,219.43,end,"[""CreateAccessionLibrary"", ""ClassifyHostMetadata"", ""CreateHostLibrary"", ""ClassifyThermalMetadataVote"", ""ClassifyThermalLiteratureVotes"", ""ClassifyThermalRangeHostLiterature"", ""ClassifyThermalForcedVote""]","{""CreateAccessionLibrary"": 6.02, ""ClassifyHostMetadata"": 2.42, ""ClassifyThermalMetadataVote"": 3.05, ""ClassifyThermalLiteratureVotes"": 4.09, ""ClassifyThermalRangeHostLiterature"": 180.86, ""ClassifyThermalForcedVote"": 3.51}",False
gemma4:e4b,YP_112541,Flavobacterium phage 11b,"{""uid"": ""53793641"", ""accession"": ""YP_112541"", ""title"": ""methyltransferase [Flavobacterium phage 11b]"", ""organism"": ""Flavobacterium phage 11b"", ""taxonId"": 294631, ""sequence_length"": 216, ""create_date"": ""2004/10/05"", ""update_date"": ""2023/01/08"", ""dbsource"": ""refseq"", ""extra"": ""gi|53793641|ref|YP_112541.1|"", ""host"": ""Flavobacterium sp."", ""isolation_source"": ""Arctic Flavobacterium""}",Flavobacterium sp.,genus,The metadata explicitly states 'host': 'Flavobacterium sp.'. 'Flavobacterium' is a genus.,,metadata,True,psychrophile,,,,,False,,"{'mesophile': 0, 'thermophile': 0, 'psychrophile': 3, 'none': 0}",data/accessions/YP_112541/reasoning/reasoning.txt,data/accessions/YP_112541/library/accession_lit,1,data/accessions/YP_112541/library/host_lit,5,,,51.199999999999996,end,"[""CreateAccessionLibrary"", ""ClassifyHostMetadata"", ""CreateHostLibrary"", ""ClassifyThermalMetadataVote"", ""ClassifyThermalLiteratureVotes"", ""ClassifyThermalRangeHostLiterature"", ""ClassifyThermalForcedVote""]","{""CreateAccessionLibrary"": 3.39, ""ClassifyHostMetadata"": 2.04, ""ClassifyThermalMetadataVote"": 2.38, ""ClassifyThermalLiteratureVotes"": 3.51, ""ClassifyThermalRangeHostLiterature"": 22.55, ""ClassifyThermalForcedVote"": 3.12}",False
gemma4:e4b,YP_010108907,Flavobacterium phage vB_FspP_elemoA_7-9A,"{""uid"": ""2047454209"", ""accession"": ""YP_010108907"", ""title"": ""structural protein [Flavobacterium phage vB_FspP_elemoA_7-9A]"", ""organism"": ""Flavobacterium phage vB_FspP_elemoA_7-9A"", ""taxonId"": 2743781, ""sequence_length"": 3694, ""create_date"": ""2021/06/02"", ""update_date"": ""2023/01/11"", ""dbsource"": ""refseq"", ""extra"": ""gi|2047454209|ref|YP_010108907.1|"", ""host"": ""Flavobacterium sp. BAL314"", ""old_name"": ""Flavobacterium phage vB_Fsp_elemo7-9A"", ""country"": ""Sweden"", ""isolation_source"": ""Baltic Sea mesocosm"", ""collection_date"": ""07-Jun-2016""}",Flavobacterium sp. BAL314,species,The metadata explicitly contains the key 'host' with the value 'Flavobacterium sp. BAL314'.,,metadata,True,mesophile,,,,,False,,"{'mesophile': 2, 'thermophile': 0, 'psychrophile': 0, 'none': 0}",data/accessions/YP_010108907/reasoning/reasoning.txt,data/accessions/YP_010108907/library/accession_lit,0,data/accessions/YP_010108907/library/host_lit,5,,,50.07,end,"[""CreateAccessionLibrary"", ""ClassifyHostMetadata"", ""CreateHostLibrary"", ""ClassifyThermalMetadataVote"", ""ClassifyThermalLiteratureVotes"", ""ClassifyThermalRangeHostLiterature"", ""ClassifyThermalForcedVote""]","{""CreateAccessionLibrary"": 3.01, ""ClassifyHostMetadata"": 2.34, ""ClassifyThermalMetadataVote"": 2.81, ""ClassifyThermalLiteratureVotes"": 0.01, ""ClassifyThermalRangeHostLiterature"": 23.47, ""ClassifyThermalForcedVote"": 3.89}",False
gemma4:e4b,YP_010108902,Flavobacterium phage vB_FspP_elemoA_7-9A,"{""uid"": ""2047454204"", ""accession"": ""YP_010108902"", ""title"": ""virion structural protein [Flavobacterium phage vB_FspP_elemoA_7-9A]"", ""organism"": ""Flavobacterium phage vB_FspP_elemoA_7-9A"", ""taxonId"": 2743781, ""sequence_length"": 286, ""create_date"": ""2021/06/02"", ""update_date"": ""2023/01/11"", ""dbsource"": ""refseq"", ""extra"": ""gi|2047454204|ref|YP_010108902.1|"", ""host"": ""Flavobacterium sp. BAL314"", ""old_name"": ""Flavobacterium phage vB_Fsp_elemo7-9A"", ""country"": ""Sweden"", ""isolation_source"": ""Baltic Sea mesocosm"", ""collection_date"": ""07-Jun-2016""}",Flavobacterium sp. BAL314,species,The metadata explicitly contains the key 'host' with the value 'Flavobacterium sp. BAL314'.,,metadata,True,mesophile,,,,,False,,"{'mesophile': 2, 'thermophile': 0, 'psychrophile': 0, 'none': 0}",data/accessions/YP_010108902/reasoning/reasoning.txt,data/accessions/YP_010108902/library/accession_lit,0,data/accessions/YP_010108902/library/host_lit,5,,,48.34,end,"[""CreateAccessionLibrary"", ""ClassifyHostMetadata"", ""CreateHostLibrary"", ""ClassifyThermalMetadataVote"", ""ClassifyThermalLiteratureVotes"", ""ClassifyThermalRangeHostLiterature"", ""ClassifyThermalForcedVote""]","{""CreateAccessionLibrary"": 1.96, ""ClassifyHostMetadata"": 2.35, ""ClassifyThermalMetadataVote"": 2.81, ""ClassifyThermalLiteratureVotes"": 0.01, ""ClassifyThermalRangeHostLiterature"": 23.48, ""ClassifyThermalForcedVote"": 3.84}",False
